-1,-1,-1,-1,-1,0,0,0,0,ACCELERATE
-1,-1,-1,-1,-1,0,0,0,0,BREAK
-1,-1,-1,-1,-1,0,0,0,0,LEFT_ACCELERATE
-1,-1,-1,-1,-1,0,0,0,0,RIGHT_ACCELERATE
-1,-1,-1,-1,-1,0,0,0,0,LEFT_BRAKE
-1,-1,-1,-1,-1,0,0,0,0,RIGHT_BRAKE
-1,-1,-1,-1,-1,0,0,0,0,ACCELERATE
-1,-1,-1,-1,-1,0,0,0,0,BREAK
-1,-1,-1,-1,-1,0,0,0,0,LEFT_ACCELERATE
-1,-1,-1,-1,-1,0,0,0,0,RIGHT_ACCELERATE
-1,-1,-1,-1,-1,0,0,0,0,LEFT_BRAKE
-1,-1,-1,-1,-1,0,0,0,0,RIGHT_BRAKE
-1,-1,-1,-1,-1,0,0,0,0,NONE
-1,6.521043,4.61109,6.489725,4.588912,15.98893,0.2756149,3.105009,0.3733333,ACCELERATE
-1,6.52091,4.611073,6.489856,4.588929,15.98893,0.2757266,3.105008,0.4533694,ACCELERATE
-1,6.520905,4.611069,6.489862,4.588933,15.98893,0.2757387,3.105008,0.4844508,ACCELERATE
-1,6.520902,4.611067,6.489865,4.588934,15.98893,0.275741,3.105008,0.4951437,ACCELERATE
-1,6.520902,4.611067,6.489865,4.588934,15.98893,0.275743,3.105008,0.5077571,ACCELERATE
-1,6.520897,4.611063,6.48987,4.588938,15.98894,0.2757459,3.105011,0.618303,ACCELERATE
-1,6.520889,4.611057,6.489878,4.588944,15.98894,0.2757441,3.105011,0.7067709,ACCELERATE
-1,6.520883,4.611053,6.489885,4.588949,15.98895,0.2757441,3.105021,0.8071138,ACCELERATE
-1,6.520876,4.611048,6.489892,4.588953,15.98895,0.2757442,3.10503,0.9030071,ACCELERATE
-1,6.520869,4.611043,6.489898,4.588958,15.98896,0.2757438,3.105041,1.00958,ACCELERATE
-1,6.520868,4.611042,6.489899,4.588959,15.98896,0.2757434,3.105046,1.118488,ACCELERATE
-1,6.520868,4.611042,6.489899,4.588959,15.98896,0.2757439,3.105055,1.209075,ACCELERATE
-1,6.520868,4.611042,6.489899,4.588959,15.98896,0.2757436,3.105064,1.305609,ACCELERATE
-1,6.520868,4.611042,6.489899,4.588959,15.98896,0.2757438,3.105074,1.400721,ACCELERATE
-1,6.520868,4.611042,6.489899,4.588959,15.98896,0.2757439,3.105085,1.508534,ACCELERATE
-1,6.520868,4.611042,6.489899,4.588959,15.98896,0.2757436,3.105095,1.604094,ACCELERATE
-1,6.520866,4.611041,6.489901,4.58896,15.98896,0.2757438,3.105105,1.700803,ACCELERATE
-1,6.520868,4.611042,6.489899,4.588959,15.98896,0.2757438,3.105115,1.809045,ACCELERATE
-1,6.520868,4.611042,6.489899,4.588959,15.98896,0.2757432,3.105124,1.900007,ACCELERATE
-1,6.520868,4.611042,6.489899,4.588959,15.98896,0.275744,3.105136,2.005543,ACCELERATE
-1,6.520868,4.611042,6.489899,4.588959,15.98896,0.2757439,3.105147,2.101344,ACCELERATE
-1,6.520868,4.611042,6.489899,4.588959,15.98896,0.2757434,3.105158,2.212042,ACCELERATE
-1,6.520868,4.611042,6.489899,4.588959,15.98896,0.275744,3.105172,2.305892,ACCELERATE
-1,6.520868,4.611042,6.489899,4.588959,15.98896,0.275744,3.105183,2.407808,ACCELERATE
-1,6.520868,4.611042,6.489899,4.588959,15.98896,0.2757436,3.105194,2.510087,RIGHT_ACCELERATE
-1,6.520868,4.611042,6.489899,4.588959,15.98896,0.2757432,3.105203,2.602345,RIGHT_ACCELERATE
-1,6.520868,4.611042,6.489899,4.588959,15.98896,0.2757439,3.105213,2.703022,ACCELERATE
-1,6.520868,4.611042,6.489899,4.588959,15.98896,0.2757439,3.105226,2.801347,ACCELERATE
-1,6.520868,4.611042,6.489899,4.588959,15.98896,0.2757436,3.105236,2.903239,ACCELERATE
-1,6.520868,4.611042,6.489899,4.588959,15.98896,0.2757438,3.105248,3.001296,ACCELERATE
-1,6.520886,4.611039,6.48988,4.588962,15.98896,0.2757258,3.146438,3.10394,ACCELERATE
-1,6.520944,4.611031,6.489823,4.588971,15.98897,0.2757052,3.332632,3.204869,ACCELERATE
-1,6.521008,4.611023,6.489759,4.588978,15.98898,0.2756979,3.639717,3.300301,ACCELERATE
-1,6.516572,4.610634,6.494184,4.589368,15.98973,0.2847833,4.11015,3.404705,RIGHT_ACCELERATE
-1,6.266954,4.587363,6.76956,4.618335,16.02205,0.2787251,4.687127,3.505747,RIGHT_ACCELERATE
-1,5.879083,4.518014,7.304359,4.716597,16.10863,0.2803305,5.330623,3.60042,RIGHT_ACCELERATE
-1,5.709731,4.420286,7.532318,4.821031,16.20893,0.2788332,6.134867,3.702568,ACCELERATE
-1,5.648863,4.323624,7.56396,4.90762,16.29737,0.279299,7.050296,3.805501,LEFT_ACCELERATE
-1,5.741809,4.268881,7.369906,4.943292,16.34044,0.2791267,8.048918,3.907186,ACCELERATE
-1,5.68607,4.226351,7.430985,4.985686,16.38395,0.2791909,9.104385,4.006622,ACCELERATE
-1,5.617351,4.17556,7.507311,5.03651,16.43504,0.2791473,10.22278,4.10549,ACCELERATE
-1,5.548697,4.124648,7.583468,5.087437,16.49209,0.2791719,11.41048,4.205043,ACCELERATE
-1,5.45892,4.057965,7.68299,5.154128,16.55351,0.2791573,12.65474,4.304761,ACCELERATE
-1,5.402246,3.995306,7.729033,5.214386,16.614,0.2791619,13.9974,4.408284,ACCELERATE
-1,5.326295,3.938848,7.812042,5.270812,16.67705,0.2791615,15.44046,4.51589,ACCELERATE
-1,5.281647,3.879477,7.838009,5.327442,16.72698,0.2791596,16.70557,4.607731,LEFT_ACCELERATE
-1,5.415895,3.867263,7.617146,5.333186,16.73244,0.2791592,18.01935,4.701143,ACCELERATE
-1,5.424413,3.868858,7.605735,5.331488,16.73166,0.2791589,19.69807,4.818107,ACCELERATE
-1,5.419185,3.865333,7.611177,5.335018,16.73531,0.2791583,20.99895,4.907226,ACCELERATE
-1,5.409548,3.85863,7.621089,5.341724,16.74228,0.2791592,22.47275,5.006886,ACCELERATE
-1,5.396666,3.849535,7.634257,5.350822,16.75158,0.2791594,24.00005,5.10944,ACCELERATE
-1,5.382881,3.839739,7.648308,5.360619,16.76143,0.2791603,25.40901,5.204034,ACCELERATE
-1,5.366795,3.828269,7.664682,5.372087,16.77306,0.2791599,26.94132,5.306909,ACCELERATE
-1,5.349679,3.816042,7.682091,5.384314,16.78518,0.2791603,28.4574,5.408693,ACCELERATE
-1,5.333601,3.804544,7.698434,5.395812,16.79686,0.2791601,29.88616,5.504616,LEFT_ACCELERATE
-1,5.443373,3.80874,7.546092,5.391767,16.77954,0.2791603,31.37906,5.604884,LEFT_ACCELERATE
-1,5.701597,3.885325,7.280446,5.320734,16.71042,0.27916,32.85403,5.704024,ACCELERATE
-1,5.822146,3.964545,7.228581,5.245836,16.62998,0.279161,34.39075,5.807343,LEFT_ACCELERATE
-1,6.055691,4.088223,6.99921,5.144682,16.49493,0.27916,35.79812,5.902295,LEFT_ACCELERATE
-1,6.027531,4.258881,7.196268,4.966521,16.32996,0.2791609,37.3483,6.006958,ACCELERATE
-1,5.872631,4.341803,7.714792,4.859226,16.19069,0.2791599,38.72728,6.100008,ACCELERATE
-1,5.620807,4.355932,8.986688,4.842535,16.01315,0.2791599,40.47089,6.217679,LEFT_ACCELERATE
-1,5.459959,4.329999,-1,4.88675,15.82215,0.2791605,41.8075,6.308352,LEFT_ACCELERATE
-1,5.134648,4.249274,-1,5.016324,15.60983,0.2791609,43.20105,6.40299,ACCELERATE
-1,4.758048,4.072403,-1,5.264131,15.33351,0.2791616,44.85617,6.515687,LEFT_ACCELERATE
9.755025,4.498366,3.887474,-1,5.482058,15.03296,0.279164,46.12119,6.603037,LEFT_ACCELERATE
8.997072,4.185286,3.66629,-1,5.75839,14.63246,0.2791646,47.51619,6.70054,LEFT_ACCELERATE
8.385316,3.882479,3.43594,-1,6.034525,14.09155,0.2791677,48.96896,6.804686,LEFT_ACCELERATE
7.538646,3.516145,3.178819,-1,6.392158,13.54096,0.2791651,50.28608,6.900569,LEFT_ACCELERATE
7.333919,3.254159,2.883536,-1,6.627186,12.80233,0.279181,51.66029,7.00554,LEFT_ACCELERATE
7.273634,3.080102,2.681107,-1,6.773994,11.98117,0.2791794,52.82644,7.101467,LEFT_ACCELERATE
7.413537,2.943533,2.500313,-1,6.877251,10.94414,0.2791892,54.00616,7.207164,LEFT_ACCELERATE
7.709499,2.909202,2.409179,-1,6.910767,9.91134,0.2791816,54.93007,7.300367,LEFT_ACCELERATE
7.160223,2.729945,2.3085,-1,7.067358,8.708314,0.2791722,55.89592,7.403981,LEFT_ACCELERATE
6.290249,2.455025,2.140049,-1,7.338405,7.572028,0.2791623,56.78136,7.50071,LEFT_ACCELERATE
5.133552,2.063907,1.859324,-1,7.775761,6.338842,0.2791617,57.71852,7.604709,LEFT_ACCELERATE
4.488554,1.711934,1.530649,-1,8.089357,5.053097,0.2791672,58.58155,7.708807,LEFT_ACCELERATE
4.645503,1.531972,1.303848,-1,8.140927,3.78855,0.2791902,59.21665,7.804072,LEFT_ACCELERATE
5.619762,1.518364,1.209263,-1,8.070796,2.409527,0.2792,59.65461,7.901551,LEFT_ACCELERATE
8.543963,1.711896,1.262401,-1,7.937283,0.9029229,0.2792058,59.89392,8.00431,LEFT_ACCELERATE
-1,2.188011,1.475225,-1,7.764986,-0.5184036,0.2792058,59.88192,8.100096,LEFT_ACCELERATE
-1,2.946987,1.82539,9.551641,7.529684,-2.056338,0.2792075,59.6345,8.205022,LEFT_ACCELERATE
-1,4.886054,2.500035,7.805718,7.209897,-3.515471,0.2792071,59.13575,8.308966,LEFT_ACCELERATE
-1,7.774296,3.264563,6.703805,6.76476,-4.776064,0.279192,58.50058,8.403968,LEFT_ACCELERATE
-1,-1,4.149341,5.786455,6.10394,-6.105571,0.2791743,57.71507,8.507717,RIGHT_ACCELERATE
-1,-1,4.946093,5.016548,5.147819,-7.395175,0.2791685,57.02742,8.605957,RIGHT_ACCELERATE
-1,-1,5.63625,4.333731,4.399519,-8.781309,0.2791624,56.37698,8.708779,ACCELERATE
8.688787,-1,6.262704,3.714017,3.763832,-10.19671,0.2791621,55.73511,8.813129,RIGHT_ACCELERATE
8.150351,-1,6.752355,3.165025,3.085167,-11.46689,0.2791674,55.23232,8.904934,RIGHT_ACCELERATE
8.01712,-1,7.084094,2.761459,2.58136,-12.82625,0.279167,54.80632,9.000631,RIGHT_ACCELERATE
8.042395,-1,7.386423,2.382804,2.13144,-14.30409,0.279171,54.42522,9.103182,RIGHT_ACCELERATE
9.058686,-1,7.553352,2.156744,1.835609,-15.74445,0.2791691,54.16934,9.201457,RIGHT_ACCELERATE
-1,-1,7.655275,2.030066,1.622949,-17.26896,0.2791739,53.9988,9.304575,RIGHT_ACCELERATE
-1,-1,7.642259,2.106071,1.571953,-18.7755,0.2791739,53.97036,9.405828,RIGHT_ACCELERATE
-1,-1,7.584772,2.292305,1.615288,-20.1928,0.2791709,54.02437,9.501112,RIGHT_ACCELERATE
-1,9.953514,7.486996,2.462097,1.714113,-21.70896,0.2791617,54.12021,9.603146,LEFT_ACCELERATE
-1,9.753858,7.460057,2.460509,1.740464,-23.28094,0.2791604,54.14076,9.708731,ACCELERATE
-1,9.376572,7.446442,2.622094,1.751916,-24.67764,0.2791609,54.14132,9.802501,ACCELERATE
-1,8.982538,7.392073,2.939965,1.818454,-26.14062,0.2791598,54.12623,9.90074,LEFT_ACCELERATE
-1,8.782015,7.311997,3.17951,1.908586,-27.67657,0.2791647,54.0126,10.00425,LEFT_ACCELERATE
-1,8.39667,7.223431,3.761824,2.036202,-29.18729,0.2791629,53.82458,10.10647,ACCELERATE
-1,7.90551,7.06813,5.13952,2.276875,-30.60137,0.279161,53.64219,10.2022,LEFT_ACCELERATE
-1,7.564178,6.817859,7.213022,2.554402,-32.07877,0.2791671,53.35899,10.30333,LEFT_ACCELERATE
-1,7.342266,6.581413,-1,2.776278,-33.53284,0.2791758,52.89922,10.40591,LEFT_ACCELERATE
-1,6.948954,6.383338,-1,3.063338,-34.93404,0.2791684,52.35081,10.50697,LEFT_ACCELERATE
-1,6.350301,6.128499,-1,3.564352,-36.30007,0.2791635,51.82317,10.6053,ACCELERATE
9.33391,5.686008,5.709031,-1,4.271963,-37.71063,0.2791607,51.27738,10.70685,LEFT_ACCELERATE
8.642022,5.171094,5.230111,-1,4.852727,-39.06067,0.2791683,50.64326,10.80714,LEFT_ACCELERATE
7.879076,4.601149,4.665174,-1,5.502477,-40.27772,0.2791719,49.93037,10.90192,LEFT_ACCELERATE
7.275672,4.075634,4.091752,-1,6.055357,-41.54499,0.2791811,49.03143,11.00643,LEFT_ACCELERATE
7.275697,3.715503,3.573553,-1,6.29879,-42.719,0.2791983,47.89523,11.11649,LEFT_ACCELERATE
7.506086,3.481169,3.198758,-1,6.441691,-43.55188,0.2792038,46.79745,11.20929,LEFT_ACCELERATE
8.502726,3.466882,2.980927,-1,6.414205,-44.19189,0.2792131,45.61073,11.30017,LEFT_ACCELERATE
-1,3.601467,2.918865,-1,6.3453,-44.70272,0.279198,44.15251,11.40426,LEFT_ACCELERATE
-1,3.705856,2.940684,-1,6.294972,-45.04885,0.2791825,42.7044,11.50434,LEFT_ACCELERATE
-1,3.637368,2.937526,-1,6.324016,-45.35638,0.2791684,41.22691,11.60569,LEFT_ACCELERATE
-1,3.549001,2.874341,-1,6.394135,-45.61207,0.279165,39.75723,11.70588,LEFT_ACCELERATE
-1,3.315099,2.767662,-1,6.561148,-45.85089,0.2791618,38.27999,11.80636,ACCELERATE
-1,2.985909,2.555263,-1,6.849432,-46.12552,0.2926169,36.76228,11.90992,LEFT_ACCELERATE
-1,2.778194,2.313733,-1,7.031336,-46.34234,0.2840794,35.43802,12.00053,LEFT_ACCELERATE
-1,2.710727,2.136817,-1,7.12361,-46.48809,0.2812448,33.93306,12.10225,LEFT_ACCELERATE
-1,2.607476,2.03096,-1,7.216341,-46.60077,0.279371,32.39003,12.20607,LEFT_ACCELERATE
-1,2.57228,1.934465,-1,7.28411,-46.67389,0.2793292,30.91294,12.30539,LEFT_ACCELERATE
-1,2.542108,1.890794,-1,7.321581,-46.71658,0.2791452,29.40874,12.40641,ACCELERATE
-1,2.50025,1.843388,-1,7.364989,-46.76246,0.2791412,27.77995,12.51582,LEFT_ACCELERATE
-1,2.611002,1.852005,-1,7.348042,-46.74488,0.2791527,26.42506,12.60681,LEFT_ACCELERATE
-1,2.693288,1.884792,-1,7.315699,-46.7105,0.2791713,25.01863,12.70127,LEFT_ACCELERATE
-1,2.933805,1.974532,9.762938,7.236149,-46.61728,0.2791547,23.54783,12.80024,LEFT_ACCELERATE
-1,3.159488,2.093341,9.478944,7.124907,-46.49727,0.2791629,22.01608,12.9034,LEFT_ACCELERATE
-1,3.67253,2.290179,8.820675,6.973768,-46.3036,0.2791625,20.5181,13.00487,LEFT_ACCELERATE
-1,4.25894,2.555456,8.289794,6.749482,-46.04615,0.2791634,19.03378,13.10603,LEFT_ACCELERATE
-1,5.321945,2.919221,7.519279,6.50935,-45.71486,0.2791658,17.66178,13.20091,LEFT_ACCELERATE
-1,6.60916,3.400244,6.818836,6.135173,-45.27529,0.2791668,16.24558,13.3005,LEFT_ACCELERATE
-1,7.537354,3.862252,6.298865,5.680308,-44.83517,0.2791615,14.82299,13.40048,ACCELERATE
-1,8.395988,4.303889,5.809647,5.237983,-44.41227,0.2791617,13.39965,13.50016,ACCELERATE
-1,9.2942,4.711644,5.345743,4.850026,-43.98119,0.2791595,11.94605,13.60196,LEFT_ACCELERATE
-1,-1,5.300454,4.669913,4.362101,-43.50589,0.2791607,10.53097,13.7022,ACCELERATE
-1,-1,5.813778,4.12032,3.851209,-43.02056,0.2791599,9.09646,13.80387,ACCELERATE
-1,-1,6.286747,3.610805,3.332869,-42.50515,0.2791626,7.479415,13.91785,RIGHT_ACCELERATE
-1,-1,6.574861,3.290107,2.922736,-42.19881,0.2791635,6.274728,14.00135,RIGHT_ACCELERATE
-1,-1,6.915776,2.904715,2.566576,-41.85401,0.2791618,4.82522,14.10138,RIGHT_ACCELERATE
9.99945,-1,7.21294,2.558764,2.209024,-41.52871,0.2791623,3.348318,14.20294,RIGHT_ACCELERATE
9.348276,-1,7.474463,2.249799,1.91709,-41.24755,0.2791605,1.865172,14.30429,RIGHT_ACCELERATE
9.333501,-1,7.702754,1.970573,1.637934,-40.99328,0.2791631,0.3849627,14.40515,RIGHT_ACCELERATE
-1,-1,7.823732,1.819548,1.452233,-40.8256,0.2791637,-1.11092,14.50625,RIGHT_ACCELERATE
-1,-1,7.948521,1.665753,1.304697,-40.68738,0.2791626,-2.598484,14.60657,RIGHT_ACCELERATE
-1,-1,7.997672,1.615419,1.228557,-40.61093,0.2791624,-4.022966,14.70236,ACCELERATE
-1,-1,8.071112,1.525921,1.147336,-40.53967,0.2791614,-5.519385,14.80294,RIGHT_ACCELERATE
-1,-1,8.074735,1.559617,1.127591,-40.52763,0.2791623,-7.090232,14.90844,RIGHT_ACCELERATE
-1,-1,8.072788,1.569519,1.128519,-40.52903,0.2791618,-8.462775,15.00059,RIGHT_ACCELERATE
-1,-1,8.032736,1.679891,1.168488,-40.57436,0.2791609,-9.982504,15.10268,RIGHT_ACCELERATE
-1,-1,7.974397,1.782145,1.228508,-40.63503,0.279161,-11.49328,15.2042,RIGHT_ACCELERATE
-1,-1,7.881482,2.034072,1.33999,-40.75141,0.2791631,-12.99352,15.30526,RIGHT_ACCELERATE
-1,-1,7.735942,2.322027,1.498906,-40.91027,0.2791623,-14.50344,15.4072,RIGHT_ACCELERATE
-1,9.434731,7.573311,2.797031,1.710406,-41.11974,0.2791653,-15.89985,15.50204,RIGHT_ACCELERATE
-1,8.989491,7.333013,3.299952,1.97496,-41.37663,0.2791621,-17.3512,15.601,RIGHT_ACCELERATE
-1,8.445915,7.063058,3.94834,2.286522,-41.6804,0.279161,-18.86001,15.70434,ACCELERATE
-1,8.113987,6.749952,4.384396,2.57424,-41.96213,0.2791604,-20.34664,15.80596,LEFT_ACCELERATE
-1,8.099561,6.511467,4.426844,2.729176,-42.12599,0.2791668,-21.84305,15.90718,LEFT_ACCELERATE
-1,7.990153,6.435288,4.561236,2.779536,-42.17464,0.2791666,-23.26847,16.00298,LEFT_ACCELERATE
-1,7.904127,6.404911,4.703545,2.80987,-42.14301,0.2791681,-24.76712,16.10369,LEFT_ACCELERATE
-1,7.604717,6.354865,5.346473,2.886835,-42.06138,0.2791622,-26.21343,16.20095,ACCELERATE
-1,7.179339,6.225301,7.040338,3.081434,-41.97579,0.2791614,-27.72896,16.30287,LEFT_ACCELERATE
-1,6.919773,6.032568,-1,3.283991,-41.77728,0.2791694,-29.35216,16.41282,LEFT_ACCELERATE
-1,6.91144,5.867531,7.829469,3.396188,-41.41825,0.2791928,-30.7374,16.50917,LEFT_ACCELERATE
-1,7.11935,5.841169,6.46152,3.376624,-40.84064,0.2791972,-32.0684,16.6069,LEFT_ACCELERATE
-1,7.295904,5.90449,5.928766,3.301979,-40.06967,0.2791932,-33.35642,16.70794,LEFT_ACCELERATE
-1,7.670409,6.030961,5.088379,3.169064,-39.20866,0.2792087,-34.42758,16.8005,LEFT_ACCELERATE
-1,8.200624,6.288825,4.297412,2.928414,-38.05494,0.2792012,-35.48164,16.90575,LEFT_ACCELERATE
-1,8.96017,6.650101,3.479879,2.624811,-36.80466,0.2792156,-36.30082,17.00651,LEFT_ACCELERATE
-1,9.927155,7.139053,2.687602,2.209293,-35.4542,0.2792057,-36.88662,17.10574,LEFT_ACCELERATE
-1,-1,7.653246,2.029695,1.71338,-34.02641,0.2791888,-37.30516,17.20584,LEFT_ACCELERATE
-1,-1,7.977694,1.630512,1.280847,-32.59593,0.2791711,-37.70265,17.30563,RIGHT_ACCELERATE
-1,9.824229,8.054248,1.741834,1.146976,-31.21215,0.2791764,-38.23694,17.40542,RIGHT_ACCELERATE
-1,9.145314,7.967543,2.336363,1.303052,-29.85321,0.2791598,-38.88031,17.50644,LEFT_ACCELERATE
-1,8.86683,7.789546,2.832241,1.513519,-28.50256,0.2791636,-39.4383,17.60467,LEFT_ACCELERATE
-1,8.900554,7.605639,2.947801,1.658476,-27.06382,0.279182,-39.84204,17.70524,LEFT_ACCELERATE
-1,9.103564,7.516345,2.939516,1.729072,-25.61077,0.2791783,-40.0691,17.80414,LEFT_ACCELERATE
-1,9.137098,7.435271,3.085196,1.840268,-24.11865,0.2791675,-40.23328,17.90494,LEFT_ACCELERATE
-1,9.316932,7.294816,3.101801,1.958012,-22.63486,0.2791647,-40.35313,18.00495,LEFT_ACCELERATE
-1,9.909928,7.247465,2.867193,1.957948,-21.01679,0.2791671,-40.35007,18.11367,LEFT_ACCELERATE
-1,-1,7.282174,2.75957,1.919084,-19.66251,0.2791634,-40.31615,18.20463,ACCELERATE
-1,-1,7.30443,2.71078,1.896109,-18.13035,0.2791609,-40.29312,18.30751,LEFT_ACCELERATE
-1,-1,7.365326,2.536342,1.837442,-16.65074,0.2791602,-40.22959,18.40696,LEFT_ACCELERATE
-1,-1,7.438357,2.431265,1.764907,-15.15675,0.2791604,-40.1575,18.50738,ACCELERATE
-1,-1,7.495489,2.352847,1.707739,-13.77428,0.2791608,-40.101,18.60027,LEFT_ACCELERATE
-1,-1,7.586069,2.18476,1.626899,-12.27432,0.2791597,-40.01461,18.70116,LEFT_ACCELERATE
-1,-1,7.698017,2.027156,1.517998,-10.7961,0.2791606,-39.90565,18.80067,ACCELERATE
-1,-1,7.808986,1.879029,1.406999,-9.194469,0.27916,-39.79589,18.90845,ACCELERATE
-1,-1,7.903341,1.753088,1.312602,-7.73605,0.27916,-39.70081,19.00657,ACCELERATE
-1,-1,7.994135,1.631282,1.222169,-6.303549,0.2791597,-39.60965,19.10294,LEFT_ACCELERATE
-1,-1,8.154174,1.403841,1.089522,-4.779009,0.2791597,-39.46746,19.20578,LEFT_ACCELERATE
-1,-1,8.318053,1.200721,0.9125747,-3.324806,0.2791614,-39.27868,19.30424,ACCELERATE
-1,-1,8.405763,1.101579,0.7939124,-1.827262,0.2791606,-39.07548,19.40571,LEFT_ACCELERATE
-1,-1,8.461769,1.079842,0.7358495,-0.3332519,0.2791613,-38.81724,19.50752,ACCELERATE
-1,9.961937,8.440743,1.23604,0.781945,1.043895,0.2791607,-38.56614,19.60151,LEFT_ACCELERATE
-1,9.765587,8.363315,1.396002,0.8612231,2.507673,0.2791706,-38.19468,19.70305,LEFT_ACCELERATE
-1,9.799372,8.326702,1.405981,0.8863894,4.030908,0.2791838,-37.57809,19.81368,LEFT_ACCELERATE
-1,9.7858,8.335408,1.392815,0.8767067,5.228033,0.2791874,-36.91677,19.90569,LEFT_ACCELERATE
-1,-1,8.390862,1.236416,0.8145039,6.449946,0.2792045,-36.00196,20.00852,LEFT_ACCELERATE
-1,-1,8.510736,1.014332,0.6882432,7.484979,0.2791929,-34.94765,20.10799,LEFT_ACCELERATE
-1,-1,8.621531,0.8869902,0.5852743,8.378859,0.2791799,-33.86251,20.20247,LEFT_ACCELERATE
-1,-1,8.584628,1.015564,0.6347179,9.33457,0.2791637,-32.70977,20.30305,ACCELERATE
-1,9.447608,8.441322,1.561129,0.8527524,10.30148,0.2791612,-31.51114,20.40647,LEFT_ACCELERATE
-1,9.143585,8.226749,2.115534,1.10029,11.14319,0.279169,-30.2764,20.50696,LEFT_ACCELERATE
-1,8.858446,8.026067,2.69369,1.330621,11.82465,0.2791733,-29.05488,20.60096,LEFT_ACCELERATE
-1,8.618117,7.775165,3.238796,1.585102,12.44144,0.2791775,-27.70378,20.70083,LEFT_ACCELERATE
-1,8.642801,7.55377,3.331738,1.752563,12.88853,0.2791862,-26.24193,20.80373,LEFT_ACCELERATE
-1,8.645384,7.435584,3.437062,1.869985,13.185,0.279175,-24.79367,20.90306,LEFT_ACCELERATE
-1,8.402669,7.274852,3.893394,2.088467,13.45869,0.279166,-23.33694,21.00259,ACCELERATE
-1,8.038532,7.033841,4.488429,2.403512,13.76404,0.2791618,-21.86279,21.10367,RIGHT_ACCELERATE
-1,7.460698,6.765584,5.507519,2.794424,14.16873,0.2791642,-20.27998,21.21345,RIGHT_ACCELERATE
-1,6.888576,6.365282,6.646673,3.258058,14.55706,0.2791613,-19.01446,21.30233,ACCELERATE
-1,6.389881,5.905838,7.589041,3.718362,14.99676,0.2791612,-17.59254,21.40225,ACCELERATE
-1,5.896292,5.449543,8.519925,4.174602,15.43182,0.2791595,-16.18264,21.50131,ACCELERATE
-1,5.355928,4.976357,9.620378,4.666679,15.90304,0.2791603,-14.67151,21.60758,RIGHT_ACCELERATE
-1,4.838566,4.507056,-1,5.145224,16.34848,0.27916,-13.28363,21.70544,ACCELERATE
-1,4.333956,4.036978,-1,5.61527,16.79607,0.2791607,-11.88399,21.80409,ACCELERATE
-1,3.818796,3.557011,-1,6.095125,17.24964,0.27916,-10.46209,21.90429,ACCELERATE
9.740877,3.317644,3.090137,-1,6.561907,17.6996,0.2791607,-9.049055,22.00385,ACCELERATE
8.270665,2.816716,2.623505,-1,7.028461,18.14272,0.2791601,-7.655889,22.102,ACCELERATE
7.179674,2.342887,2.153603,-1,7.451594,18.5754,0.2791605,-6.240943,22.20135,LEFT_ACCELERATE
7.267478,1.996922,1.752549,-1,7.711381,18.92738,0.2791628,-4.776699,22.30253,LEFT_ACCELERATE
7.253901,1.705575,1.44652,-1,7.934752,19.20441,0.279166,-3.308045,22.40291,LEFT_ACCELERATE
9.832351,1.570039,1.251493,-1,8.022815,19.37029,0.2791679,-1.799583,22.5049,LEFT_ACCELERATE
-1,1.483662,1.153907,-1,8.091907,19.47205,0.2791658,-0.2707696,22.60778,LEFT_ACCELERATE
-1,1.506519,1.10379,-1,8.102242,19.49436,0.2791649,1.159853,22.70392,LEFT_ACCELERATE
-1,1.63225,1.152934,-1,8.047072,19.44185,0.2791653,2.654626,22.80436,ACCELERATE
-1,1.762294,1.216824,-1,7.985721,19.36311,0.2791633,4.302931,22.91518,LEFT_ACCELERATE
-1,2.174466,1.388837,-1,7.854115,19.19791,0.2791669,5.687793,23.0089,LEFT_ACCELERATE
-1,2.58039,1.605586,9.672501,7.660499,18.98303,0.2791635,7.063201,23.10237,LEFT_ACCELERATE
-1,3.180009,1.878531,9.041207,7.445272,18.71587,0.2791651,8.515366,23.20156,LEFT_ACCELERATE
-1,4.263979,2.300967,8.179473,7.153639,18.32072,0.2791668,10.00101,23.30485,LEFT_ACCELERATE
-1,5.204437,2.749057,7.608322,6.740969,17.89619,0.2791633,11.45435,23.40651,ACCELERATE
-1,6.005167,3.17289,7.130615,6.31668,17.48951,0.2791614,12.91217,23.50812,ACCELERATE
-1,6.753031,3.569197,6.683909,5.919809,17.10186,0.2791608,14.3501,23.6081,ACCELERATE
-1,7.376895,3.899636,6.311146,5.589056,16.72217,0.2791604,15.78825,23.70796,LEFT_ACCELERATE
-1,8.737073,4.402108,5.679644,5.170583,16.32318,0.2791601,17.16888,23.80448,LEFT_ACCELERATE
-1,-1,4.9144,5.093866,4.715292,15.85946,0.2791609,18.5853,23.90455,ACCELERATE
-1,-1,5.395973,4.573611,4.233961,15.35209,0.2791607,20.15682,24.01542,ACCELERATE
-1,-1,5.882436,4.048548,3.740677,14.93627,0.2791606,21.47115,24.10797,RIGHT_ACCELERATE
-1,-1,6.194183,3.715932,3.321507,14.57011,0.2791638,22.80585,24.20095,RIGHT_ACCELERATE
-1,-1,6.456763,3.437008,2.956637,14.25799,0.2791642,24.32044,24.30482,RIGHT_ACCELERATE
-1,-1,6.734115,3.116071,2.670026,13.98137,0.2791607,25.72137,24.40069,RIGHT_ACCELERATE
-1,-1,6.971016,2.84813,2.378992,13.71434,0.2791606,27.2821,24.50701,ACCELERATE
-1,-1,7.213921,2.557846,2.131904,13.47286,0.2791602,28.74351,24.60645,RIGHT_ACCELERATE
-1,-1,7.363412,2.392408,1.920281,13.2859,0.2791634,30.17513,24.70345,RIGHT_ACCELERATE
-1,-1,7.434193,2.344341,1.799377,13.18436,0.2791638,31.72324,24.80764,RIGHT_ACCELERATE
-1,-1,7.512475,2.249579,1.716066,13.10081,0.2791593,33.17529,24.90529,ACCELERATE
-1,-1,7.608435,2.123665,1.620187,13.00496,0.2791595,34.69394,25.00745,ACCELERATE
-1,-1,7.70384,1.994225,1.530787,12.89712,0.2791604,36.10651,25.10258,LEFT_ACCELERATE
-1,-1,7.884401,1.781909,1.34999,12.715,0.2791603,37.6725,25.20844,ACCELERATE
-1,-1,7.952655,1.766393,1.247798,12.54811,0.2791599,39.05859,25.30217,ACCELERATE
-1,9.746812,7.955485,1.885985,1.244197,12.32644,0.2791607,40.73232,25.41554,LEFT_ACCELERATE
-1,9.541735,7.942648,1.996616,1.26978,12.05546,0.2791632,42.10017,25.50922,LEFT_ACCELERATE
-1,9.185576,7.881361,2.316927,1.354218,11.73163,0.2791633,43.48481,25.60472,LEFT_ACCELERATE
-1,8.94388,7.775418,2.644076,1.478152,11.2166,0.2791667,45.11584,25.71969,LEFT_ACCELERATE
-1,8.588386,7.658419,3.314505,1.64414,10.7621,0.2791664,46.31034,25.80552,LEFT_ACCELERATE
-1,8.324914,7.472139,3.986259,1.847277,10.12328,0.2791772,47.66885,25.90648,LEFT_ACCELERATE
-1,8.296023,7.300378,4.005285,1.975893,9.297821,0.2792007,48.92552,26.00776,LEFT_ACCELERATE
-1,8.529437,7.238251,3.523511,1.988162,8.33432,0.279211,49.94542,26.10236,LEFT_ACCELERATE
-1,8.78017,7.299625,3.151888,1.91261,7.084325,0.2791992,50.90096,26.20835,LEFT_ACCELERATE
-1,9.151749,7.413622,2.736177,1.786591,5.875914,0.279209,51.5759,26.30158,LEFT_ACCELERATE
-1,9.714522,7.637586,2.223905,1.565276,4.445538,0.2791981,52.10927,26.4044,LEFT_ACCELERATE
-1,-1,7.876644,1.882576,1.329742,2.981146,0.279182,52.49406,26.50616,LEFT_ACCELERATE
-1,-1,8.03064,1.704952,1.167484,1.46541,0.2791702,52.82946,26.61045,LEFT_ACCELERATE
-1,-1,8.151092,1.533091,1.046878,0.03470586,0.2791688,53.04791,26.70768,LEFT_ACCELERATE
-1,-1,8.211684,1.55934,0.9979169,-1.451978,0.2791644,53.24504,26.80839,ACCELERATE
-1,9.899428,8.16928,1.828754,1.087897,-2.865867,0.279162,53.45673,26.90438,LEFT_ACCELERATE
-1,9.987387,8.024488,2.039003,1.240275,-4.358798,0.2791626,53.6407,27.00543,LEFT_ACCELERATE
-1,-1,7.920546,2.007466,1.307883,-5.870819,0.2791659,53.71223,27.10712,LEFT_ACCELERATE
-1,-1,7.865722,2.053729,1.354908,-7.264356,0.2791626,53.75734,27.20074,RIGHT_ACCELERATE
-1,9.914099,7.785621,2.338147,1.470472,-8.793714,0.2791685,53.87837,27.30384,RIGHT_ACCELERATE
-1,8.92909,7.635209,3.155195,1.76413,-10.40792,0.2791913,54.20225,27.41466,RIGHT_ACCELERATE
-1,7.745419,7.404319,5.12582,2.34892,-11.6884,0.2791958,54.6708,27.50647,RIGHT_ACCELERATE
-1,6.832677,6.96896,7.841191,3.091522,-12.97489,0.2791741,55.29446,27.60259,LEFT_ACCELERATE
-1,6.238235,6.187851,8.834982,3.730918,-14.37492,0.2791611,55.92051,27.70565,LEFT_ACCELERATE
-1,5.741469,5.540414,9.478163,4.252652,-15.78338,0.2791616,56.44476,27.80659,ACCELERATE
-1,5.16865,4.985366,-1,4.805649,-17.2066,0.2791604,56.96196,27.90825,ACCELERATE
-1,4.663751,4.466256,-1,5.294474,-18.54097,0.2791603,57.43859,28.00338,LEFT_ACCELERATE
-1,4.28749,3.922003,-1,5.66676,-20.0091,0.2791624,57.87405,28.10628,LEFT_ACCELERATE
9.987789,3.938436,3.533617,-1,5.993251,-21.38488,0.2791636,58.22103,28.20155,LEFT_ACCELERATE
9.619883,3.701891,3.176257,-1,6.219921,-22.83691,0.2791662,58.5124,28.30107,LEFT_ACCELERATE
9.593295,3.585181,2.962827,-1,6.341568,-24.35728,0.2791682,58.67305,28.40381,LEFT_ACCELERATE
8.841574,3.372363,2.824936,-1,6.513815,-25.89881,0.279166,58.77352,28.50755,LEFT_ACCELERATE
8.74766,3.235084,2.664619,-1,6.63701,-27.29062,0.2791669,58.76864,28.60111,LEFT_ACCELERATE
8.090718,3.038442,2.536358,-1,6.795537,-28.84812,0.2791675,58.67166,28.7059,LEFT_ACCELERATE
7.777118,2.880214,2.399547,-1,6.933531,-30.35889,0.2791689,58.49397,28.80815,LEFT_ACCELERATE
8.294074,2.883653,2.302317,-1,6.953733,-31.69836,0.2791831,58.17802,28.90076,LEFT_ACCELERATE
8.785517,2.947057,2.300037,-1,6.926071,-33.17088,0.2791861,57.65195,29.00595,LEFT_ACCELERATE
-1,3.239447,2.389797,-1,6.807217,-34.61945,0.2792086,56.87645,29.11666,LEFT_ACCELERATE
-1,3.864389,2.649392,-1,6.617805,-35.62267,0.2792137,56.08389,29.20286,LEFT_ACCELERATE
-1,4.695475,3.06794,8.779298,6.311171,-36.67021,0.279202,54.96561,29.30609,LEFT_ACCELERATE
-1,5.886742,3.644605,7.117671,5.948296,-37.59566,0.2792082,53.58294,29.41824,LEFT_ACCELERATE
-1,7.092558,4.292648,6.009624,5.488937,-38.13408,0.2791976,52.43609,29.50355,LEFT_ACCELERATE
-1,8.648257,5.115494,4.900978,4.88734,-38.59467,0.2792037,50.99869,29.60521,LEFT_ACCELERATE
-1,-1,6.006492,3.91592,4.089287,-38.8671,0.2791886,49.50542,29.70733,LEFT_ACCELERATE
-1,-1,6.596918,3.261759,3.219095,-39.08507,0.2791729,48.11862,29.80165,RIGHT_ACCELERATE
-1,-1,6.954641,2.872583,2.473194,-39.43967,0.2791659,46.5767,29.90798,RIGHT_ACCELERATE
-1,9.868953,7.189096,2.663439,2.095467,-39.81211,0.2791619,45.15622,30.00658,ACCELERATE
-1,9.569255,7.326331,2.62851,1.889541,-40.19625,0.2791606,43.73396,30.10549,ACCELERATE
-1,9.191388,7.369181,2.806256,1.832609,-40.60265,0.2791603,42.25021,30.20877,LEFT_ACCELERATE
-1,8.993917,7.339895,3.001564,1.866471,-40.93508,0.2791616,40.89223,30.30268,LEFT_ACCELERATE
-1,8.733009,7.27897,3.396932,1.965968,-41.24055,0.2791606,39.43537,30.40262,ACCELERATE
-1,8.497067,7.134958,3.828112,2.162326,-41.55878,0.2791604,37.81612,30.51343,LEFT_ACCELERATE
-1,6.521043,4.61109,6.489725,4.588912,15.98893,0.2756149,3.105009,0.3733333,ACCELERATE
-1,6.52091,4.611073,6.489856,4.588929,15.98893,0.2757337,3.105008,0.4685995,ACCELERATE
-1,6.520905,4.611069,6.489862,4.588933,15.98893,0.2757408,3.105008,0.4949515,ACCELERATE
-1,6.520902,4.611067,6.489864,4.588934,15.98893,0.2757427,3.105008,0.5062035,ACCELERATE
-1,6.520902,4.611067,6.489865,4.588934,15.98893,0.2757438,3.105008,0.5162513,ACCELERATE
-1,6.520896,4.611063,6.48987,4.588938,15.98894,0.2757462,3.105013,0.6115856,ACCELERATE
-1,6.520889,4.611057,6.489878,4.588944,15.98894,0.275744,3.105013,0.7055314,ACCELERATE
-1,6.520883,4.611053,6.489885,4.588949,15.98895,0.2757442,3.105024,0.8058558,ACCELERATE
-1,6.520876,4.611048,6.489892,4.588953,15.98895,0.275744,3.105034,0.9048239,ACCELERATE
-1,6.520871,4.611044,6.489897,4.588957,15.98896,0.2757435,3.105043,1.000023,ACCELERATE
-1,6.520868,4.611042,6.489899,4.588959,15.98896,0.2757439,3.105053,1.101396,ACCELERATE
-1,6.520868,4.611042,6.489899,4.588959,15.98896,0.2757438,3.105065,1.209491,ACCELERATE
-1,6.520868,4.611042,6.489899,4.588959,15.98896,0.2757438,3.105076,1.307062,ACCELERATE
-1,6.520868,4.611042,6.489899,4.588959,15.98896,0.2757438,3.105087,1.407171,ACCELERATE
-1,6.520868,4.611042,6.489899,4.588959,15.98896,0.2757438,3.105098,1.505709,ACCELERATE
-1,6.520868,4.611042,6.489899,4.588959,15.98896,0.2757434,3.105106,1.60007,ACCELERATE
-1,6.520868,4.611042,6.489899,4.588959,15.98896,0.2757439,3.105118,1.703694,ACCELERATE
-1,6.520868,4.611042,6.489899,4.588959,15.98896,0.2757438,3.10513,1.807399,ACCELERATE
-1,6.520868,4.611042,6.489899,4.588959,15.98896,0.2757435,3.105139,1.90139,ACCELERATE
-1,6.520868,4.611042,6.489899,4.588959,15.98896,0.2757438,3.10515,2.004695,ACCELERATE
-1,6.520868,4.611042,6.489899,4.588959,15.98896,0.2757436,3.10516,2.105547,ACCELERATE
-1,6.520868,4.611042,6.489899,4.588959,15.98896,0.2757435,3.105169,2.200021,ACCELERATE
-1,6.520868,4.611042,6.489899,4.588959,15.98896,0.2757438,3.105182,2.300785,ACCELERATE
-1,6.520868,4.611042,6.489899,4.588959,15.98896,0.2757439,3.105195,2.400936,ACCELERATE
-1,6.520868,4.611042,6.489899,4.588959,15.98896,0.2757438,3.105207,2.508711,ACCELERATE
-1,6.520868,4.611042,6.489899,4.588959,15.98896,0.2757438,3.105219,2.602141,ACCELERATE
-1,6.520868,4.611042,6.489899,4.588959,15.98896,0.2757437,3.105232,2.704815,ACCELERATE
-1,6.520868,4.611042,6.489899,4.588959,15.98896,0.2757439,3.105244,2.804816,ACCELERATE
-1,6.520868,4.611042,6.489899,4.588959,15.98896,0.275744,3.105258,2.906609,ACCELERATE
-1,6.520868,4.611042,6.489899,4.588959,15.98896,0.2757438,3.105271,3.006864,ACCELERATE
-1,6.520886,4.61104,6.48988,4.588961,15.98896,0.2757262,3.144751,3.102519,ACCELERATE
-1,6.520943,4.611031,6.489823,4.588971,15.98897,0.2757056,3.328323,3.203227,ACCELERATE
-1,6.521016,4.611023,6.489752,4.588978,15.98898,0.2756979,3.665115,3.306649,ACCELERATE
-1,6.521213,4.61103,6.489555,4.588972,15.98898,0.2822642,4.135485,3.409585,ACCELERATE
-1,6.521393,4.611063,6.489376,4.588938,15.98893,0.2785376,4.683235,3.504826,ACCELERATE
-1,6.52153,4.611131,6.489239,4.588871,15.98886,0.2798505,5.378469,3.605286,ACCELERATE
-1,6.52167,4.611196,6.4891,4.588806,15.9888,0.2790497,6.196086,3.707281,ACCELERATE
-1,6.52189,4.611269,6.48888,4.588732,15.98873,0.2792339,7.105858,3.80826,ACCELERATE
-1,6.522062,4.611341,6.488709,4.58866,15.98865,0.2790418,8.010528,3.900022,ACCELERATE
-1,6.522301,4.611439,6.488472,4.588562,15.98855,0.2792195,9.092207,4.0018,ACCELERATE
-1,6.522574,4.611558,6.488198,4.588443,15.98843,0.2791442,10.25624,4.104371,ACCELERATE
-1,6.36833,4.597047,6.651172,4.604957,16.0078,0.2791687,11.48475,4.206932,RIGHT_ACCELERATE
-1,6.237688,4.548272,6.796847,4.656204,16.0583,0.2791571,12.70714,4.30465,ACCELERATE
-1,6.171236,4.499766,6.867567,4.704708,16.10713,0.2791628,13.98898,4.403393,ACCELERATE
-1,6.106646,4.452323,6.936211,4.752128,16.15507,0.2791591,15.34072,4.504259,ACCELERATE
-1,6.043254,4.405856,7.003589,4.798578,16.20106,0.2791603,16.69919,4.602945,ACCELERATE
-1,5.984046,4.362517,7.066528,4.841905,16.24597,0.2791573,18.06581,4.700039,ACCELERATE
-1,5.91223,4.310001,7.142873,4.89441,16.29585,0.2791589,19.61522,4.807955,ACCELERATE
-1,5.851278,4.265456,7.20767,4.938947,16.34067,0.2791581,21.02626,4.904623,ACCELERATE
-1,5.789956,4.220657,7.272861,4.98374,16.38575,0.2791583,22.45768,5.001391,ACCELERATE
-1,5.722312,4.171252,7.344771,5.033137,16.4345,0.2791592,24.01521,5.106019,ACCELERATE
-1,5.659522,4.125404,7.41152,5.07898,16.48044,0.27916,25.4895,5.205044,ACCELERATE
-1,5.599063,4.081264,7.475789,5.123116,16.52521,0.2791595,26.93083,5.301855,ACCELERATE
-1,5.536574,4.035645,7.542212,5.168729,16.57081,0.2791611,28.40191,5.400663,ACCELERATE
-1,5.469619,3.98677,7.613379,5.217599,16.61929,0.2791599,29.96895,5.505917,ACCELERATE
-1,5.405254,3.939789,7.681788,5.264575,16.66796,0.2791601,31.5443,5.611727,ACCELERATE
-1,5.343681,3.894847,7.830868,5.309512,16.711,0.2791601,32.93851,5.705371,ACCELERATE
-1,5.336832,3.857303,8.010246,5.343957,16.74342,0.2791599,34.41687,5.804662,LEFT_ACCELERATE
-1,5.617592,3.9139,7.621814,5.297521,16.67687,0.279169,35.86219,5.901938,LEFT_ACCELERATE
-1,6.183486,4.157703,6.877988,5.125197,16.44316,0.2791748,37.30558,6.000298,LEFT_ACCELERATE
-1,6.577618,4.482683,6.445306,4.816267,16.0611,0.2791707,38.87748,6.108967,LEFT_ACCELERATE
-1,6.695498,4.721991,6.35014,4.532515,15.66167,0.2791644,40.30828,6.208711,ACCELERATE
-1,6.527451,4.857571,6.773605,4.345998,15.28372,0.2791618,41.71092,6.306243,ACCELERATE
-1,6.252426,4.899556,7.850882,4.29838,14.91682,0.2791604,43.1283,6.404538,ACCELERATE
-1,5.918256,4.85343,-1,4.383339,14.54056,0.27916,44.58138,6.505317,LEFT_ACCELERATE
-1,5.759266,4.756287,-1,4.487761,14.09738,0.2791653,45.96515,6.602985,LEFT_ACCELERATE
-1,5.726344,4.703151,-1,4.534109,13.49533,0.2791739,47.32055,6.702729,LEFT_ACCELERATE
-1,5.621906,4.645885,-1,4.598748,12.77384,0.2791752,48.64672,6.804195,LEFT_ACCELERATE
-1,5.703033,4.624627,-1,4.592646,11.91268,0.2791881,49.86853,6.9048,LEFT_ACCELERATE
-1,5.77734,4.663654,-1,4.553505,10.92208,0.2791808,50.97324,7.004579,LEFT_ACCELERATE
-1,5.870874,4.703037,9.867902,4.501162,9.835487,0.2791808,51.98365,7.104366,LEFT_ACCELERATE
-1,5.843238,4.755155,-1,4.470754,8.679255,0.2791732,52.90214,7.203563,LEFT_ACCELERATE
-1,5.547049,4.713424,-1,4.579996,7.540477,0.2791649,53.7954,7.300752,ACCELERATE
-1,5.088184,4.54273,-1,4.898266,6.362999,0.2791612,54.75235,7.402627,LEFT_ACCELERATE
9.652438,4.699948,4.262623,-1,5.26282,5.161395,0.2791618,55.66758,7.504107,LEFT_ACCELERATE
9.859773,4.492097,3.976532,-1,5.465216,3.906863,0.279184,56.42605,7.602756,LEFT_ACCELERATE
-1,4.447396,3.784436,-1,5.552859,2.541127,0.2791835,57.01076,7.702755,LEFT_ACCELERATE
-1,4.336523,3.659539,-1,5.666096,1.08156,0.2791784,57.4807,7.805803,LEFT_ACCELERATE
-1,4.337425,3.559536,-1,5.715312,-0.3821359,0.2791776,57.81046,7.906704,LEFT_ACCELERATE
-1,4.285192,3.500839,-1,5.773122,-1.851505,0.2791703,58.03307,8.006525,LEFT_ACCELERATE
-1,4.039974,3.388092,-1,5.952315,-3.317436,0.2791643,58.25489,8.10608,ACCELERATE
-1,3.741893,3.181036,-1,6.205276,-4.788914,0.2791609,58.50468,8.206292,ACCELERATE
-1,3.508696,2.938601,-1,6.416629,-6.171517,0.2791593,58.73619,8.300422,LEFT_ACCELERATE
-1,3.307016,2.715198,-1,6.603514,-7.644649,0.2791603,58.94081,8.400279,ACCELERATE
-1,3.097173,2.502536,-1,6.790708,-9.159122,0.27916,59.14034,8.502851,LEFT_ACCELERATE
-1,3.063884,2.365692,-1,6.873153,-10.64487,0.279162,59.25352,8.60294,LEFT_ACCELERATE
-1,2.96327,2.273034,-1,6.959997,-12.14015,0.2791607,59.34522,8.703519,ACCELERATE
-1,2.830209,2.171214,-1,7.061909,-13.6273,0.2791607,59.44846,8.8036,ACCELERATE
-1,2.684244,2.05951,-1,7.17373,-15.12654,0.2791602,59.56065,8.904534,ACCELERATE
-1,2.583157,1.949457,-1,7.271362,-16.6348,0.2791597,59.66074,9.006035,LEFT_ACCELERATE
-1,2.61334,1.909618,-1,7.295519,-18.16753,0.2791603,59.69394,9.108984,ACCELERATE
-1,2.579076,1.883989,-1,7.321043,-19.52317,0.2791592,59.72025,9.200014,ACCELERATE
-1,2.534071,1.848644,-1,7.355978,-21.05253,0.2791604,59.75555,9.302717,LEFT_ACCELERATE
-1,2.656293,1.856739,-1,7.344347,-22.58813,0.2791625,59.73536,9.405904,LEFT_ACCELERATE
-1,3.062933,2.026468,-1,7.220963,-24.11891,0.2791709,59.55724,9.509543,LEFT_ACCELERATE
-1,3.34681,2.234893,-1,7.023214,-25.47651,0.2791682,59.31068,9.602214,LEFT_ACCELERATE
-1,3.755805,2.488839,9.991453,6.791369,-26.97152,0.2791692,58.93621,9.705797,LEFT_ACCELERATE
-1,4.011496,2.726138,-1,6.529949,-28.33117,0.2791651,58.5193,9.801295,ACCELERATE
-1,3.977938,2.881747,-1,6.326292,-29.87665,0.2791619,58.05844,9.909575,ACCELERATE
-1,3.83798,2.916721,-1,6.285209,-31.2118,0.2791603,57.67361,10.00286,LEFT_ACCELERATE
-1,3.768834,2.906053,-1,6.296143,-32.62759,0.2791624,57.20938,10.10297,LEFT_ACCELERATE
-1,3.915356,2.950356,-1,6.249538,-34.00893,0.279183,56.5803,10.20512,LEFT_ACCELERATE
-1,4.171107,3.075581,-1,6.124557,-35.27692,0.2791794,55.79311,10.30551,LEFT_ACCELERATE
-1,4.332694,3.213819,-1,5.992964,-36.41585,0.2791783,54.95306,10.40064,LEFT_ACCELERATE
-1,4.537892,3.371553,-1,5.827176,-37.55916,0.2791739,53.94551,10.50304,LEFT_ACCELERATE
-1,4.421414,3.460365,-1,5.748339,-38.69022,0.2791653,52.90699,10.60615,ACCELERATE
9.857271,4.132028,3.418102,-1,5.862644,-39.76895,0.2791626,51.95094,10.70293,ACCELERATE
8.334965,3.696404,3.230784,-1,6.20418,-40.95002,0.2791605,50.92805,10.80783,LEFT_ACCELERATE
7.450931,3.321928,2.965211,-1,6.570282,-42.03034,0.2791617,49.93898,10.90622,LEFT_ACCELERATE
7.266634,3.056662,2.682688,-1,6.797411,-43.03978,0.2791728,48.81355,11.00792,LEFT_ACCELERATE
6.866575,2.814111,2.472437,-1,7.01922,-43.8683,0.2791744,47.70694,11.10081,LEFT_ACCELERATE
6.842042,2.61314,2.25149,-1,7.181068,-44.6515,0.2791803,46.44995,11.20043,LEFT_ACCELERATE
7.638457,2.588575,2.115135,-1,7.183767,-45.26354,0.2791909,45.07645,11.30166,LEFT_ACCELERATE
8.112225,2.577975,2.076064,-1,7.196512,-45.73218,0.2791809,43.61728,11.40469,LEFT_ACCELERATE
9.687021,2.647426,2.054996,-1,7.171046,-46.0698,0.2791784,42.12348,11.50768,LEFT_ACCELERATE
-1,2.692642,2.082937,-1,7.141068,-46.28502,0.2791726,40.64164,11.60827,LEFT_ACCELERATE
-1,2.570744,2.056029,-1,7.208265,-46.47629,0.2791656,39.27426,11.70098,LEFT_ACCELERATE
-1,2.372537,1.934584,-1,7.369933,-46.68699,0.27916,37.74141,11.80488,LEFT_ACCELERATE
-1,2.177833,1.768707,-1,7.534695,-46.86839,0.2901442,36.22455,11.90782,LEFT_ACCELERATE
-1,2.040058,1.611754,-1,7.651676,-47.01287,0.2823369,34.8465,12.00101,LEFT_ACCELERATE
-1,1.94313,1.499986,-1,7.73861,-47.11688,0.2805278,33.36057,12.1011,ACCELERATE
-1,1.80617,1.386918,-1,7.847004,-47.22696,0.2792189,31.83593,12.20367,LEFT_ACCELERATE
-1,1.810315,1.325927,-1,7.879986,-47.275,0.2792442,30.28836,12.30769,LEFT_ACCELERATE
-1,1.851538,1.331952,-1,7.869434,-47.26742,0.2791147,28.90111,12.40083,LEFT_ACCELERATE
-1,1.946308,1.359241,-1,7.841463,-47.23281,0.2791848,27.36262,12.50418,LEFT_ACCELERATE
-1,2.17579,1.46437,-1,7.746312,-47.12761,0.2791532,25.85718,12.60551,ACCELERATE
-1,2.38483,1.581059,-1,7.636858,-47.00952,0.2791632,24.3334,12.70813,LEFT_ACCELERATE
-1,2.769213,1.750697,9.591645,7.500793,-46.83823,0.2791563,22.94639,12.80199,LEFT_ACCELERATE
-1,3.180261,1.970333,9.186234,7.299959,-46.62507,0.279163,21.44748,12.90365,LEFT_ACCELERATE
-1,3.863076,2.263247,8.536337,7.07105,-46.34353,0.2791615,19.94477,13.00633,LEFT_ACCELERATE
-1,4.413977,2.567641,8.139269,6.775995,-46.04696,0.2791613,18.47665,13.10689,ACCELERATE
-1,4.907868,2.855454,7.794248,6.487948,-45.76406,0.2791602,17.01421,13.20689,ACCELERATE
-1,5.393785,3.138725,7.45458,6.204436,-45.48721,0.2791602,15.53992,13.3076,ACCELERATE
-1,5.861784,3.411427,7.12729,5.931585,-45.21664,0.2791603,14.07018,13.40793,ACCELERATE
-1,6.293447,3.662864,6.825354,5.680068,-44.96851,0.2791608,12.70491,13.50109,ACCELERATE
-1,6.752886,3.930406,6.503972,5.412475,-44.70389,0.2791598,11.2361,13.60128,ACCELERATE
-1,7.211903,4.197643,6.18289,5.145214,-44.43874,0.27916,9.755341,13.70228,ACCELERATE
-1,7.670032,4.464316,5.862446,4.878532,-44.1774,0.2791592,8.289923,13.80221,ACCELERATE
-1,8.128985,4.731433,5.541448,4.611419,-43.91651,0.27916,6.823127,13.90223,ACCELERATE
-1,8.580221,4.99403,5.225873,4.348834,-43.65596,0.2791601,5.355579,14.00229,ACCELERATE
-1,9.035949,5.259211,4.907187,4.083671,-43.39471,0.2791605,3.882372,14.10274,ACCELERATE
-1,9.495323,5.526497,4.585975,3.816404,-43.13448,0.2791609,2.413739,14.20287,ACCELERATE
-1,9.942828,5.786866,4.273081,3.556055,-42.87633,0.27916,0.9562131,14.30224,ACCELERATE
-1,-1,6.06525,3.938543,3.277697,-42.60606,0.2791602,-0.5702285,14.40631,ACCELERATE
-1,-1,6.331424,3.618685,3.011547,-42.34228,0.2791601,-2.060309,14.50791,ACCELERATE
-1,-1,6.571767,3.329875,2.771229,-42.10249,0.2791604,-3.414963,14.60026,ACCELERATE
-1,-1,6.828782,3.027288,2.500172,-41.84317,0.2791609,-4.926361,14.70322,RIGHT_ACCELERATE
-1,-1,6.999907,2.847183,2.281376,-41.64542,0.2791615,-6.447535,14.80624,ACCELERATE
-1,-1,7.146917,2.67852,2.116256,-41.48846,0.2791629,-7.843563,14.90056,RIGHT_ACCELERATE
-1,-1,7.233366,2.610795,1.997572,-41.38168,0.2791624,-9.3671,15.00312,RIGHT_ACCELERATE
-1,-1,7.302275,2.562703,1.911602,-41.30559,0.279163,-10.95077,15.1096,RIGHT_ACCELERATE
-1,-1,7.306036,2.61465,1.897102,-41.29597,0.2791625,-12.34514,15.20323,ACCELERATE
-1,-1,7.309312,2.636093,1.891705,-41.29322,0.2791617,-13.87972,15.30626,RIGHT_ACCELERATE
-1,-1,7.275671,2.743732,1.924624,-41.32839,0.2791614,-15.27992,15.4003,ACCELERATE
-1,-1,7.239291,2.795816,1.961011,-41.36348,0.27916,-16.83667,15.50485,ACCELERATE
-1,-1,7.212636,2.833389,1.987655,-41.3897,0.2791604,-18.34053,15.60582,ACCELERATE
-1,9.791226,7.191026,2.863864,2.009256,-41.41101,0.2791606,-19.84693,15.70697,ACCELERATE
-1,9.513503,7.173275,2.893865,2.027002,-41.42875,0.2791602,-21.32655,15.80631,ACCELERATE
-1,9.180204,7.158203,3.008072,2.042069,-41.44354,0.2791608,-22.72404,15.90013,ACCELERATE
-1,8.755023,7.123034,3.343525,2.086369,-41.45808,0.2791601,-24.23413,16.00151,ACCELERATE
-1,8.26847,7.025762,4.037405,2.230106,-41.47153,0.2791605,-25.7377,16.10246,ACCELERATE
-1,7.716,6.845869,5.536098,2.499058,-41.48425,0.2791597,-27.23595,16.20305,ACCELERATE
-1,7.090696,6.575682,-1,2.914745,-41.49648,0.2791603,-28.76753,16.30587,LEFT_ACCELERATE
-1,6.530272,6.203547,-1,3.409469,-41.46837,0.2791612,-30.25789,16.406,LEFT_ACCELERATE
-1,6.141197,5.805576,-1,3.805628,-41.31101,0.2791706,-31.68054,16.50227,LEFT_ACCELERATE
9.929308,5.669592,5.427195,-1,4.270865,-41.02146,0.2791715,-33.16427,16.60384,LEFT_ACCELERATE
9.576989,5.303751,5.008039,-1,4.649402,-40.59268,0.2791843,-34.61019,16.7053,LEFT_ACCELERATE
9.743061,5.115443,4.679256,-1,4.846786,-39.98188,0.279195,-35.93176,16.80335,LEFT_ACCELERATE
9.883163,4.951841,4.418965,-1,5.024771,-39.16305,0.2791947,-37.21487,16.90581,LEFT_ACCELERATE
-1,4.999549,4.260466,-1,5.054567,-38.18561,0.2792112,-38.33165,17.00582,LEFT_ACCELERATE
-1,5.244464,4.251005,-1,4.980269,-37.0274,0.279204,-39.26865,17.10621,LEFT_ACCELERATE
-1,5.440579,4.323368,-1,4.883544,-35.77356,0.2791877,-40.04744,17.20551,LEFT_ACCELERATE
-1,5.399463,4.3852,-1,4.846261,-34.4893,0.2791729,-40.75785,17.30408,LEFT_ACCELERATE
-1,5.090961,4.329541,-1,4.981611,-33.19399,0.2791638,-41.49412,17.40414,LEFT_ACCELERATE
-1,4.785157,4.160653,-1,5.219453,-31.85187,0.2791601,-42.23312,17.50703,LEFT_ACCELERATE
9.692997,4.401324,3.95205,-1,5.54752,-30.5232,0.2791615,-42.91753,17.60738,LEFT_ACCELERATE
8.86615,3.982818,3.642484,-1,5.9448,-29.21377,0.2791614,-43.56695,17.70554,LEFT_ACCELERATE
8.741711,3.647348,3.317645,-1,6.269246,-27.8402,0.2791636,-44.13205,17.80534,LEFT_ACCELERATE
7.757537,3.192597,2.982515,-1,6.734016,-26.44052,0.2791631,-44.66305,17.90585,LEFT_ACCELERATE
7.338154,2.754729,2.571109,-1,7.130816,-25.04021,0.2791631,-45.14398,18.00532,LEFT_ACCELERATE
8.887067,2.507757,2.20695,-1,7.266498,-23.6184,0.2791829,-45.47333,18.10352,LEFT_ACCELERATE
-1,2.575037,2.022315,-1,7.233932,-22.13917,0.2791934,-45.59253,18.20346,LEFT_ACCELERATE
-1,2.865151,2.054603,-1,7.146328,-20.66172,0.2791821,-45.53409,18.3029,LEFT_ACCELERATE
-1,3.432944,2.234513,9.163378,6.994505,-19.18317,0.2791818,-45.34847,18.40311,LEFT_ACCELERATE
-1,4.310207,2.56549,8.240564,6.74903,-17.73527,0.2791742,-45.0316,18.5027,LEFT_ACCELERATE
-1,5.026978,2.923606,7.710929,6.42035,-16.29357,0.2791673,-44.68954,18.6022,RIGHT_ACCELERATE
-1,5.227131,3.203062,7.584622,6.078595,-14.7392,0.2791699,-44.4089,18.70837,RIGHT_ACCELERATE
-1,4.871567,3.29155,8.012503,5.917616,-13.26184,0.2791801,-44.31038,18.80799,RIGHT_ACCELERATE
-1,4.5857,3.26564,8.452911,5.934602,-11.81703,0.279171,-44.33875,18.90508,RIGHT_ACCELERATE
-1,4.492589,3.216576,8.570336,5.984151,-10.33579,0.279163,-44.38736,19.00459,ACCELERATE
-1,4.440149,3.178615,8.676214,6.022098,-8.884062,0.2791612,-44.42509,19.10208,ACCELERATE
-1,4.392718,3.144151,8.987419,6.056542,-7.305725,0.2791603,-44.45859,19.20807,ACCELERATE
-1,4.388304,3.126426,9.326417,6.07358,-5.900697,0.2791606,-44.47266,19.30242,LEFT_ACCELERATE
-1,4.534877,3.190166,9.268036,6.02017,-4.387928,0.279161,-44.40404,19.40414,LEFT_ACCELERATE
-1,4.456054,3.267812,-1,5.93513,-2.88482,0.2791613,-44.30268,19.50529,LEFT_ACCELERATE
-1,4.425467,3.304163,-1,5.895062,-1.441189,0.2791616,-44.16823,19.60267,LEFT_ACCELERATE
-1,4.621797,3.381423,-1,5.818429,0.002614813,0.27917,-43.89889,19.70144,LEFT_ACCELERATE
-1,4.73268,3.497003,-1,5.705656,1.425808,0.2791697,-43.51763,19.80042,LEFT_ACCELERATE
-1,5.046386,3.65834,9.314144,5.553246,2.932818,0.2791785,-42.95919,19.90854,LEFT_ACCELERATE
-1,5.310494,3.85653,8.888159,5.361087,4.235222,0.2791742,-42.32212,20.00598,LEFT_ACCELERATE
-1,5.24695,3.987282,-1,5.211826,5.527128,0.2791657,-41.65374,20.10365,ACCELERATE
-1,5.003081,3.99852,-1,5.214472,6.844696,0.2791617,-40.98999,20.2027,LEFT_ACCELERATE
-1,4.881093,3.953996,-1,5.279757,8.220469,0.2791651,-40.21188,20.30893,LEFT_ACCELERATE
-1,4.986925,3.94371,-1,5.260029,9.36094,0.279187,-39.37265,20.40424,LEFT_ACCELERATE
-1,5.395742,4.063186,9.420732,5.135224,10.42447,0.2792035,-38.28386,20.50682,LEFT_ACCELERATE
-1,5.842035,4.283328,7.917594,4.941114,11.23298,0.2791942,-37.15956,20.60006,LEFT_ACCELERATE
-1,6.174045,4.551836,7.345469,4.666293,12.05171,0.2791795,-35.75785,20.70915,LEFT_ACCELERATE
-1,6.262819,4.747402,7.36482,4.460809,12.73766,0.2791693,-34.45036,20.80831,LEFT_ACCELERATE
-1,6.037665,4.808755,8.464572,4.398996,13.40784,0.2791637,-33.19829,20.90367,ACCELERATE
-1,5.662277,4.751313,-1,4.521828,14.15064,0.2791616,-31.86777,21.00599,ACCELERATE
-1,5.265247,4.583686,-1,4.788393,14.88617,0.2791598,-30.54839,21.10741,LEFT_ACCELERATE
-1,4.950152,4.361221,-1,5.054816,15.53522,0.2791614,-29.22727,21.20628,LEFT_ACCELERATE
-1,4.482896,4.088737,-1,5.464668,16.17568,0.2791616,-27.86759,21.30719,LEFT_ACCELERATE
9.978993,4.111294,3.753588,-1,5.821238,16.74143,0.2791643,-26.50257,21.40649,LEFT_ACCELERATE
-1,3.820312,3.454203,-1,6.093483,17.17089,0.2791668,-25.16558,21.50084,LEFT_ACCELERATE
9.764168,3.422803,3.134895,-1,6.46902,17.59023,0.2791633,-23.73737,21.60078,LEFT_ACCELERATE
-1,3.102393,2.761326,-1,6.743241,17.94918,0.2791647,-22.29395,21.70072,LEFT_ACCELERATE
-1,2.921017,2.478947,-1,6.903701,18.19298,0.2791681,-20.82944,21.80046,LEFT_ACCELERATE
-1,2.694069,2.248242,-1,7.099965,18.40936,0.279164,-19.34921,21.9009,LEFT_ACCELERATE
-1,2.613036,2.06606,-1,7.19803,18.55805,0.2791646,-17.86003,22.00147,LEFT_ACCELERATE
-1,2.637938,1.993858,-1,7.227978,18.61502,0.2791646,-16.26464,22.10868,LEFT_ACCELERATE
-1,2.569999,1.941123,-1,7.280223,18.66957,0.279162,-14.81463,22.2061,ACCELERATE
-1,2.478834,1.872712,-1,7.348794,18.73938,0.2791611,-13.37049,22.30317,ACCELERATE
-1,2.373649,1.793564,-1,7.428063,18.8192,0.2791614,-11.92569,22.40032,ACCELERATE
-1,2.261629,1.7032,-1,7.516236,18.90741,0.2791605,-10.40079,22.50286,LEFT_ACCELERATE
-1,2.314888,1.664918,-1,7.536449,18.93309,0.2791628,-8.954638,22.60005,LEFT_ACCELERATE
-1,2.703278,1.777063,9.837836,7.445666,18.81073,0.2791726,-7.467807,22.70037,LEFT_ACCELERATE
-1,3.199241,2.010355,9.221491,7.246508,18.5835,0.2791658,-5.905827,22.80637,ACCELERATE
-1,3.659552,2.246568,8.787797,7.033067,18.34875,0.2791626,-4.385189,22.90968,LEFT_ACCELERATE
-1,4.071231,2.486148,8.461307,6.79909,18.1142,0.2791615,-2.92939,23.00868,ACCELERATE
-1,4.433071,2.707637,8.186617,6.577391,17.89754,0.2791611,-1.509809,23.10509,ACCELERATE
-1,4.800876,2.932798,7.90718,6.352036,17.67453,0.2791607,0.008052967,23.20809,ACCELERATE
-1,5.124234,3.130639,7.661336,6.154087,17.47713,0.2791606,1.385958,23.30154,ACCELERATE
-1,5.465867,3.339569,7.401502,5.945087,17.27067,0.2791602,2.851628,23.40091,ACCELERATE
-1,5.833605,3.564387,7.121761,5.720227,17.04875,0.2791604,4.446393,23.509,ACCELERATE
-1,6.170588,3.770347,6.865398,5.514249,16.84636,0.2791606,5.912598,23.60837,ACCELERATE
-1,6.494649,3.968371,6.618868,5.316219,16.64957,0.2791599,7.345424,23.70547,ACCELERATE
-1,6.824817,4.170097,6.367701,5.114497,16.45104,0.2791601,8.795933,23.80375,ACCELERATE
-1,7.147422,4.367181,6.122298,4.917422,16.25311,0.2791595,10.24529,23.90196,ACCELERATE
-1,7.477853,4.569026,5.87096,4.715588,16.05346,0.2791604,11.70959,24.00117,ACCELERATE
-1,7.806552,4.769798,5.620955,4.514831,15.85432,0.2791602,13.17153,24.10023,ACCELERATE
-1,8.161464,4.986565,5.351035,4.298081,15.64225,0.2791598,14.72945,24.20578,ACCELERATE
-1,8.486306,5.184955,5.104002,4.09971,15.44537,0.27916,16.17633,24.30381,ACCELERATE
-1,8.808439,5.381681,4.859045,3.903001,15.24745,0.27916,17.63119,24.40238,ACCELERATE
-1,9.140041,5.584181,4.606904,3.70052,15.04638,0.2791596,19.10936,24.50253,ACCELERATE
-1,9.46612,5.783299,4.358979,3.501421,14.85037,0.2791597,20.55041,24.60016,ACCELERATE
-1,9.817562,5.997895,4.091791,3.286846,14.63953,0.2791602,22.10049,24.70519,ACCELERATE
-1,9.952374,6.177073,3.895745,3.091469,14.45434,0.2791606,23.55506,24.80364,RIGHT_ACCELERATE
-1,9.433316,6.248053,3.950679,2.970414,14.35979,0.2791667,25.02231,24.90245,RIGHT_ACCELERATE
-1,9.243411,6.273758,3.988729,2.933653,14.32866,0.2791614,26.59065,25.00777,ACCELERATE
-1,9.293874,6.308114,3.942066,2.899288,14.29358,0.2791614,28.01961,25.10374,ACCELERATE
-1,9.294617,6.347754,3.907778,2.857617,14.25381,0.2791593,29.52464,25.20482,RIGHT_ACCELERATE
-1,8.832205,6.32899,4.116035,2.871827,14.27716,0.2791637,31.00288,25.30414,RIGHT_ACCELERATE
-1,8.534768,6.256398,4.310692,2.948515,14.35427,0.2791612,32.44518,25.40111,ACCELERATE
-1,8.310322,6.178151,4.429648,3.026772,14.43082,0.27916,34.03716,25.50812,ACCELERATE
-1,8.041023,6.116101,4.618396,3.088774,14.49234,0.2791594,35.4786,25.60498,ACCELERATE
-1,7.714934,6.060023,5.012538,3.144817,14.54857,0.2791598,36.90911,25.70109,ACCELERATE
-1,7.309279,5.981824,5.814134,3.248225,14.60465,0.2791601,38.42558,25.80297,ACCELERATE
-1,6.853019,5.842072,7.510186,3.449564,14.65379,0.2791601,39.90295,25.90221,LEFT_ACCELERATE
-1,6.550053,5.640715,-1,3.668039,14.63664,0.2791637,41.36345,26.00035,LEFT_ACCELERATE
-1,6.326221,5.455334,-1,3.861416,14.47006,0.2791682,42.92709,26.10605,LEFT_ACCELERATE
-1,5.973063,5.268276,-1,4.107355,14.24758,0.279166,44.37793,26.20462,LEFT_ACCELERATE
-1,5.746695,5.056495,-1,4.316308,13.92895,0.2791736,45.76976,26.30063,LEFT_ACCELERATE
-1,5.730075,4.870024,-1,4.418284,13.3672,0.279193,47.24664,26.40704,LEFT_ACCELERATE
-1,5.746515,4.803886,-1,4.455059,12.64496,0.2791847,48.56612,26.50824,LEFT_ACCELERATE
-1,5.548953,4.749794,-1,4.558572,11.861,0.2791722,49.80849,26.60691,LEFT_ACCELERATE
-1,5.291465,4.61892,-1,4.742512,11.02824,0.2791672,51.02531,26.70594,LEFT_ACCELERATE
9.550586,4.87241,4.427338,-1,5.089247,10.17074,0.2791619,52.23371,26.80543,LEFT_ACCELERATE
8.829229,4.490427,4.139278,-1,5.465563,9.289696,0.2791643,53.38734,26.90296,LEFT_ACCELERATE
8.824429,4.23799,3.827506,-1,5.699143,8.276354,0.2791835,54.45313,27.00193,LEFT_ACCELERATE
9.694981,4.220075,3.603354,-1,5.747032,7.120959,0.2792032,55.33763,27.09999,LEFT_ACCELERATE
-1,4.347509,3.534222,-1,5.718338,5.703381,0.2791962,56.08761,27.208,LEFT_ACCELERATE
-1,4.622768,3.587936,-1,5.622681,4.30806,0.2792013,56.58647,27.3078,LEFT_ACCELERATE
-1,4.996767,3.732015,9.202546,5.466104,2.899457,0.2791907,56.88816,27.40475,LEFT_ACCELERATE
-1,5.351704,3.926998,8.290686,5.283763,1.419111,0.2791838,57.07447,27.50506,LEFT_ACCELERATE
-1,5.897792,4.178254,7.245302,5.051342,-0.07385841,0.2791807,57.09893,27.60549,LEFT_ACCELERATE
-1,6.292842,4.434976,6.7327,4.793866,-1.565227,0.2791722,57.03493,27.70575,LEFT_ACCELERATE
-1,6.863761,4.652426,6.180364,4.574765,-3.04868,0.2791666,56.91111,27.80575,LEFT_ACCELERATE
-1,7.35431,4.85767,5.787904,4.362303,-4.510612,0.2791644,56.73888,27.9046,ACCELERATE
-1,7.580386,5.007331,5.58962,4.212613,-5.962289,0.2791613,56.58894,28.00259,ACCELERATE
-1,7.77949,5.140848,5.414002,4.078869,-7.417104,0.279161,56.45831,28.10065,ACCELERATE
-1,7.894999,5.264475,5.285614,3.950476,-9.014816,0.2791619,56.33671,28.20824,RIGHT_ACCELERATE
-1,7.498017,5.290541,5.517056,3.909506,-10.48806,0.2791669,56.31208,28.30727,RIGHT_ACCELERATE
-1,7.269171,5.246403,5.712174,3.955567,-11.9456,0.2791629,56.35896,28.40519,ACCELERATE
-1,7.20235,5.199025,5.781626,4.002979,-13.43823,0.2791607,56.40591,28.50545,ACCELERATE
-1,7.145597,5.157524,5.840908,4.04446,-14.91807,0.2791601,56.44712,28.60484,ACCELERATE
-1,7.092963,5.119077,5.895858,4.08289,-16.42168,0.27916,56.48536,28.70582,ACCELERATE
-1,7.044045,5.08344,5.946895,4.118513,-17.90353,0.27916,56.52065,28.80533,ACCELERATE
-1,6.99529,5.049904,5.995014,4.15204,-19.36628,0.2791605,56.55391,28.90355,ACCELERATE
-1,6.902251,5.01795,6.082485,4.183988,-20.8393,0.2791606,56.58633,29.00246,ACCELERATE
-1,6.708291,4.983816,6.375471,4.218114,-22.448,0.2791602,56.62092,29.11049,ACCELERATE
-1,6.444144,4.95198,6.971786,4.249944,-23.95064,0.2791601,56.65269,29.21139,ACCELERATE
-1,6.145242,4.902474,8.022604,4.315657,-25.29774,0.2791596,56.68086,29.30185,ACCELERATE
-1,5.727544,4.783445,-1,4.492984,-26.84086,0.2791602,56.71289,29.40547,ACCELERATE
-1,5.246462,4.575964,-1,4.797888,-28.34888,0.27916,56.74401,29.50673,ACCELERATE
9.661419,4.763924,4.302274,-1,5.199824,-29.78797,0.27916,56.76495,29.60336,LEFT_ACCELERATE
8.885965,4.342792,3.953635,-1,5.598958,-31.31421,0.2791638,56.7002,29.70602,LEFT_ACCELERATE
7.866328,3.909631,3.649282,-1,6.040299,-32.71061,0.2791625,56.57053,29.80019,LEFT_ACCELERATE
6.91469,3.423104,3.23914,-1,6.565379,-34.1898,0.2791649,56.37809,29.9004,LEFT_ACCELERATE
6.561207,3.046568,2.802312,-1,6.889302,-35.78901,0.2791854,55.9812,30.0113,LEFT_ACCELERATE
6.503052,2.824982,2.525703,-1,7.042651,-37.09715,0.279185,55.45499,30.1062,LEFT_ACCELERATE
6.600382,2.666327,2.312371,-1,7.146811,-38.35823,0.2791971,54.76608,30.20292,LEFT_ACCELERATE
7.453012,2.685971,2.193322,-1,7.099561,-39.57568,0.2792014,53.83011,30.30637,LEFT_ACCELERATE
8.004108,2.757275,2.194295,-1,7.055755,-40.5892,0.2791872,52.82069,30.4026,LEFT_ACCELERATE
8.610865,2.855499,2.225637,-1,6.99651,-41.56941,0.2791831,51.63583,30.50602,LEFT_ACCELERATE
8.539022,2.876904,2.270311,-1,6.966578,-42.41728,0.2791734,50.45435,30.6037,LEFT_ACCELERATE
8.600958,2.871855,2.259404,-1,6.974267,-43.21629,0.2791706,49.2142,30.70285,LEFT_ACCELERATE
9.108675,2.942087,2.290727,-1,6.932976,-43.9082,0.2791735,47.87498,30.80417,LEFT_ACCELERATE
8.856406,2.906425,2.289213,-1,6.947176,-44.53692,0.2791675,46.50137,30.90564,LEFT_ACCELERATE
9.061388,2.902053,2.278706,-1,6.954081,-45.04445,0.2791678,45.1699,31.00137,LEFT_ACCELERATE
8.331921,2.74963,2.229899,-1,7.050268,-45.5646,0.2791641,43.67162,31.10787,LEFT_ACCELERATE
-1,6.521181,4.611085,6.489586,4.588916,15.98892,0.2649673,3.105346,0.1080853,NONE
-1,6.52118,4.611082,6.489588,4.588919,15.98892,0.2730144,3.105251,0.2066761,ACCELERATE
-1,6.52117,4.611076,6.489598,4.588925,15.98892,0.2752413,3.105229,0.3076677,ACCELERATE
-1,6.521165,4.611073,6.489604,4.588929,15.98893,0.2756816,3.105226,0.4091007,ACCELERATE
-1,6.521156,4.611067,6.489611,4.588934,15.98893,0.2757423,3.105228,0.5078391,ACCELERATE
-1,6.52115,4.611062,6.489618,4.588939,15.98894,0.2757464,3.105229,0.6065159,ACCELERATE
-1,6.521144,4.611057,6.489625,4.588944,15.98894,0.2757449,3.105234,0.7040726,ACCELERATE
-1,6.521139,4.611053,6.48963,4.588948,15.98895,0.2757444,3.105249,0.8078011,ACCELERATE
-1,6.521131,4.611048,6.489638,4.588953,15.98895,0.2757435,3.105261,0.9035622,ACCELERATE
-1,6.521123,4.611043,6.489645,4.588958,15.98896,0.275744,3.105277,1.007576,ACCELERATE
-1,6.521122,4.611042,6.489646,4.588959,15.98896,0.2757439,3.105291,1.104597,ACCELERATE
-1,6.521122,4.611042,6.489646,4.588959,15.98896,0.2757434,3.105303,1.203385,ACCELERATE
-1,6.521121,4.611041,6.489648,4.58896,15.98896,0.2757437,3.105318,1.300827,ACCELERATE
-1,6.521122,4.611042,6.489646,4.588959,15.98896,0.2757436,3.105332,1.403495,ACCELERATE
-1,6.521122,4.611042,6.489646,4.588959,15.98896,0.2757434,3.105343,1.500887,ACCELERATE
-1,6.521122,4.611042,6.489646,4.588959,15.98896,0.2757434,3.105357,1.60556,ACCELERATE
-1,6.521121,4.611041,6.489648,4.58896,15.98896,0.2757433,3.105367,1.704063,ACCELERATE
-1,6.521122,4.611042,6.489646,4.588959,15.98896,0.2757436,3.105378,1.809044,ACCELERATE
-1,6.521122,4.611042,6.489646,4.588959,15.98896,0.2757434,3.105386,1.901961,ACCELERATE
-1,6.521122,4.611042,6.489646,4.588959,15.98896,0.2757435,3.105398,2.002976,ACCELERATE
-1,6.521122,4.611042,6.489646,4.588959,15.98896,0.275744,3.105414,2.10443,ACCELERATE
-1,6.521122,4.611042,6.489646,4.588959,15.98896,0.2757439,3.105428,2.20442,ACCELERATE
-1,6.521122,4.611042,6.489646,4.588959,15.98896,0.2757437,3.10544,2.311266,ACCELERATE
-1,6.521122,4.611042,6.489646,4.588959,15.98896,0.2757435,3.10545,2.405535,ACCELERATE
-1,6.521122,4.611042,6.489646,4.588959,15.98896,0.2757441,3.105464,2.507246,ACCELERATE
-1,6.521122,4.611042,6.489646,4.588959,15.98896,0.2757436,3.105476,2.603447,ACCELERATE
-1,6.521122,4.611042,6.489646,4.588959,15.98896,0.2757438,3.105494,2.707322,ACCELERATE
-1,6.521122,4.611042,6.489646,4.588959,15.98896,0.2757439,3.105508,2.804587,ACCELERATE
-1,6.521122,4.611042,6.489646,4.588959,15.98896,0.2757439,3.105521,2.900193,ACCELERATE
-1,6.521122,4.611042,6.489646,4.588959,15.98896,0.2757439,3.105537,3.004882,ACCELERATE
-1,6.521149,4.611038,6.48962,4.588963,15.98896,0.2757223,3.162954,3.101102,ACCELERATE
-1,6.52122,4.611038,6.489549,4.588963,15.98896,0.2757038,3.373391,3.203845,ACCELERATE
-1,6.521309,4.611045,6.489459,4.588956,15.98895,0.2756972,3.708932,3.301191,ACCELERATE
-1,6.521511,4.611064,6.489258,4.588937,15.98894,0.2781644,4.20842,3.407042,ACCELERATE
-1,6.52171,4.611137,6.48906,4.588864,15.98885,0.2814654,4.77722,3.502995,ACCELERATE
-1,6.479177,4.608567,6.532131,4.591595,15.99301,0.2787145,5.518015,3.607264,RIGHT_ACCELERATE
-1,6.303476,4.580445,6.723885,4.623072,16.02444,0.2795564,6.289694,3.702032,ACCELERATE
-1,6.254594,4.545607,6.775689,4.657951,16.05919,0.2789636,7.21814,3.803991,ACCELERATE
-1,6.209276,4.512301,6.823514,4.691234,16.09245,0.2792493,8.243037,3.906544,ACCELERATE
-1,6.164308,4.479402,6.870989,4.724121,16.12514,0.2791247,9.325495,4.006948,ACCELERATE
-1,6.120581,4.447481,6.917164,4.756033,16.15739,0.2791932,10.43419,4.103721,ACCELERATE
-1,6.073598,4.413224,6.966781,4.790283,16.19154,0.2791481,11.63298,4.203149,ACCELERATE
-1,6.023578,4.376777,7.019607,4.826724,16.22822,0.2791667,12.93718,4.306652,ACCELERATE
-1,5.974757,4.341217,7.071167,4.862278,16.264,0.2791571,14.21912,4.404724,ACCELERATE
-1,5.921366,4.30234,7.127553,4.901151,16.30262,0.2791619,15.60902,4.507809,ACCELERATE
-1,5.872909,4.267062,7.178725,4.936425,16.33834,0.2791591,16.89873,4.60106,ACCELERATE
-1,5.819406,4.228114,7.235224,4.975368,16.37734,0.2791591,18.31001,4.700951,ACCELERATE
-1,5.760639,4.18534,7.297277,5.018137,16.41978,0.2791584,19.8484,4.807757,ACCELERATE
-1,5.693078,4.146604,7.374089,5.057553,16.45963,0.2791593,21.21986,4.901486,RIGHT_ACCELERATE
-1,5.357596,4.063612,7.869982,5.160635,16.55904,0.2791611,22.69993,5.001638,RIGHT_ACCELERATE
-1,5.091089,3.917243,8.248429,5.318439,16.71128,0.2791606,24.18286,5.101736,ACCELERATE
-1,4.897364,3.768275,8.479751,5.467435,16.85835,0.2791597,25.67028,5.202083,ACCELERATE
-1,4.711821,3.625124,8.700525,5.610492,17.00253,0.2791599,27.18493,5.304228,ACCELERATE
-1,4.538433,3.491456,8.906885,5.744092,17.13531,0.2791602,28.61613,5.400724,ACCELERATE
-1,4.357444,3.352022,9.122371,5.883472,17.27322,0.2791603,30.1288,5.502697,ACCELERATE
-1,4.185687,3.21976,9.432816,6.015697,17.40502,0.2791601,31.59202,5.601328,ACCELERATE
-1,4.012385,3.086347,-1,6.149079,17.53716,0.2791601,33.07117,5.701026,ACCELERATE
-1,3.82779,2.944269,-1,6.291132,17.67843,0.27916,34.66162,5.808222,ACCELERATE
-1,3.62041,2.813633,-1,6.421747,17.80855,0.2791603,36.13236,5.907345,ACCELERATE
9.627529,3.342853,2.67854,-1,6.579366,17.93829,0.2791601,37.60259,6.006432,ACCELERATE
8.22724,3.008221,2.49897,-1,6.829342,18.0647,0.2791588,39.08579,6.106372,LEFT_ACCELERATE
7.463155,2.722157,2.282885,-1,7.072618,18.12868,0.2791615,40.58994,6.207502,LEFT_ACCELERATE
6.335698,2.396318,2.0694,-1,7.380012,18.14386,0.2791606,41.97582,6.300556,LEFT_ACCELERATE
5.432225,2.045383,1.793708,-1,7.721494,18.11135,0.2791641,43.47194,6.401087,LEFT_ACCELERATE
4.949838,1.755778,1.514067,-1,7.957391,17.93863,0.2791709,45.01209,6.505273,LEFT_ACCELERATE
4.994284,1.596312,1.329021,-1,8.044082,17.62315,0.2791879,46.40802,6.601572,LEFT_ACCELERATE
5.92791,1.626982,1.267455,-1,7.977046,17.08293,0.2792006,47.7852,6.701231,LEFT_ACCELERATE
6.920329,1.771692,1.326099,-1,7.874419,16.30605,0.2791873,49.15581,6.807252,LEFT_ACCELERATE
7.560185,1.938772,1.42655,-1,7.772061,15.4552,0.2791828,50.37555,6.907257,LEFT_ACCELERATE
8.88096,2.217877,1.579723,-1,7.625359,14.5328,0.2791844,51.41568,7.000797,LEFT_ACCELERATE
9.248982,2.478745,1.775333,-1,7.426316,13.39875,0.2791738,52.51006,7.106674,LEFT_ACCELERATE
8.304521,2.4713,1.87422,-1,7.335041,12.31,0.279164,53.54459,7.207522,LEFT_ACCELERATE
7.517661,2.381805,1.870917,-1,7.365453,11.29193,0.2791617,54.49593,7.30108,ACCELERATE
6.240573,2.130518,1.756517,-1,7.578138,10.15253,0.2791606,55.56796,7.406117,LEFT_ACCELERATE
5.755477,1.927267,1.595952,-1,7.761168,9.025073,0.2791644,56.52599,7.505558,LEFT_ACCELERATE
6.194464,1.859011,1.487477,-1,7.790777,7.834231,0.2791878,57.31763,7.601802,LEFT_ACCELERATE
7.864051,2.021379,1.509309,-1,7.692146,6.425971,0.2791957,57.96099,7.706094,LEFT_ACCELERATE
9.483445,2.26888,1.640182,-1,7.559605,5.011796,0.2791891,58.39423,7.805625,LEFT_ACCELERATE
-1,2.735173,1.863292,-1,7.370995,3.541451,0.2791906,58.64296,7.906006,LEFT_ACCELERATE
-1,3.215763,2.155495,-1,7.110231,2.041713,0.2791834,58.74464,8.007054,LEFT_ACCELERATE
-1,3.867812,2.487433,9.162841,6.851093,0.6479586,0.2791824,58.70109,8.10087,LEFT_ACCELERATE
-1,4.566846,2.884038,8.267127,6.483803,-0.8314614,0.2791778,58.52629,8.200971,LEFT_ACCELERATE
-1,5.546459,3.324613,7.340194,6.110908,-2.313456,0.2791748,58.24153,8.302436,LEFT_ACCELERATE
-1,6.83357,3.803612,6.532792,5.668672,-3.766746,0.2791719,57.84157,8.403691,LEFT_ACCELERATE
-1,7.721275,4.229785,6.002932,5.208848,-5.192163,0.2791639,57.43828,8.503167,ACCELERATE
-1,8.423,4.616827,5.557172,4.813023,-6.619771,0.2791627,57.0644,8.602255,ACCELERATE
-1,9.230355,5.003623,5.095269,4.443736,-8.083045,0.2791594,56.69357,8.703605,LEFT_ACCELERATE
-1,-1,5.53965,4.42349,4.061811,-9.525007,0.2791626,56.25025,8.80498,LEFT_ACCELERATE
-1,-1,6.152234,3.762949,3.567841,-10.91932,0.279164,55.72935,8.904933,ACCELERATE
8.827496,-1,6.704697,3.181158,3.01862,-12.3137,0.2791616,55.21257,9.004775,ACCELERATE
7.659054,-1,7.174634,2.669807,2.505379,-13.66344,0.2791624,54.73952,9.100817,RIGHT_ACCELERATE
8.061046,-1,7.454592,2.296999,2.034068,-15.11888,0.2791742,54.34432,9.202222,RIGHT_ACCELERATE
-1,-1,7.555758,2.147771,1.756325,-16.61902,0.2791798,54.12061,9.304241,RIGHT_ACCELERATE
-1,-1,7.619638,2.094792,1.621673,-18.14778,0.2791761,54.00938,9.407232,RIGHT_ACCELERATE
-1,-1,7.590358,2.218014,1.613455,-19.58763,0.2791736,54.01615,9.503975,RIGHT_ACCELERATE
-1,-1,7.550335,2.301591,1.650598,-21.06193,0.2791625,54.05289,9.602997,ACCELERATE
-1,-1,7.531268,2.329581,1.669698,-22.577,0.2791617,54.07047,9.704723,ACCELERATE
-1,9.595232,7.522695,2.442307,1.676195,-24.11518,0.2791601,54.07742,9.807995,RIGHT_ACCELERATE
-1,8.910682,7.454464,2.974296,1.779507,-25.52424,0.2791628,54.13411,9.902719,RIGHT_ACCELERATE
-1,8.245412,7.271682,4.087893,2.052882,-27.01595,0.2791611,54.24397,10.00315,ACCELERATE
-1,7.622731,7.007813,6.821676,2.438068,-28.49953,0.2791605,54.34423,10.10297,ACCELERATE
-1,6.943339,6.651529,-1,2.975621,-30.01521,0.2791594,54.43541,10.20492,LEFT_ACCELERATE
-1,6.367341,6.194485,-1,3.542242,-31.53236,0.279164,54.45596,10.30688,LEFT_ACCELERATE
-1,5.909276,5.735554,-1,4.017042,-32.93675,0.2791699,54.33878,10.40163,LEFT_ACCELERATE
9.375258,5.413485,5.273591,-1,4.53657,-34.44231,0.2791756,54.08728,10.50425,LEFT_ACCELERATE
9.268226,5.091783,4.823503,-1,4.866966,-35.86392,0.2791967,53.65703,10.60425,LEFT_ACCELERATE
9.868522,4.995987,4.471728,-1,4.986995,-37.20837,0.2792143,52.97633,10.70586,LEFT_ACCELERATE
-1,5.033214,4.306927,-1,5.017327,-38.40778,0.2792026,52.07357,10.80703,LEFT_ACCELERATE
-1,5.032491,4.245175,-1,5.044271,-39.41787,0.2791902,51.10454,10.9012,LEFT_ACCELERATE
-1,5.12368,4.2228,-1,5.029805,-40.38427,0.2791883,49.94965,11.00253,LEFT_ACCELERATE
-1,5.139318,4.219629,-1,5.026347,-41.2658,0.2791805,48.67058,11.10694,LEFT_ACCELERATE
-1,5.306644,4.239179,-1,4.973421,-41.95602,0.27919,47.40179,11.20414,LEFT_ACCELERATE
-1,5.597256,4.349123,8.868296,4.85465,-42.49496,0.2791865,46.00869,11.30465,LEFT_ACCELERATE
-1,5.796841,4.464165,8.243304,4.733243,-42.93377,0.279179,44.52286,11.40878,LEFT_ACCELERATE
-1,6.009345,4.599673,7.675704,4.600329,-43.21695,0.279175,43.15968,11.50234,LEFT_ACCELERATE
-1,6.018529,4.682786,7.646838,4.518342,-43.47961,0.2791665,41.65117,11.60517,LEFT_ACCELERATE
-1,6.14342,4.753916,7.184879,4.44785,-43.65226,0.2791671,40.13264,11.70785,LEFT_ACCELERATE
-1,6.190236,4.793294,7.003167,4.417099,-43.75392,0.279165,38.72063,11.80292,LEFT_ACCELERATE
-1,6.615108,4.829501,6.395656,4.369179,-43.76311,0.2791677,37.19594,11.90542,LEFT_ACCELERATE
-1,7.162131,4.928607,5.887564,4.274757,-43.66183,0.2854555,35.78177,12.00083,LEFT_ACCELERATE
-1,8.213015,5.151428,5.218884,4.107188,-43.45695,0.2789982,34.30925,12.10129,LEFT_ACCELERATE
-1,-1,5.614423,4.407953,3.811051,-43.08158,0.2801559,32.84377,12.20326,LEFT_ACCELERATE
-1,-1,6.147484,3.766197,3.382028,-42.62353,0.2788608,31.41375,12.30405,LEFT_ACCELERATE
-1,-1,6.620462,3.239865,2.914953,-42.17519,0.2793582,29.98215,12.4048,ACCELERATE
9.181448,-1,7.039914,2.773238,2.493547,-41.76541,0.2790932,28.60758,12.50108,RIGHT_ACCELERATE
8.751073,-1,7.381666,2.370392,2.073207,-41.38413,0.279211,27.14627,12.60253,RIGHT_ACCELERATE
7.910198,-1,7.695582,1.997396,1.719367,-41.0491,0.2791491,25.59347,12.70919,RIGHT_ACCELERATE
7.467358,-1,7.950282,1.680456,1.413129,-40.76733,0.2791712,24.14017,12.80861,RIGHT_ACCELERATE
-1,-1,8.034792,1.554852,1.227468,-40.60887,0.2791657,22.73046,12.90398,RIGHT_ACCELERATE
-1,-1,8.083165,1.505077,1.140353,-40.53342,0.2791706,21.19478,13.00724,RIGHT_ACCELERATE
-1,-1,8.058665,1.594929,1.142085,-40.54649,0.2791677,19.79325,13.10141,RIGHT_ACCELERATE
-1,-1,7.989348,1.75022,1.212538,-40.62029,0.2791657,18.27608,13.20341,RIGHT_ACCELERATE
-1,-1,7.867365,2.064241,1.355864,-40.76751,0.279165,16.7588,13.30579,RIGHT_ACCELERATE
-1,9.93504,7.711015,2.402162,1.532748,-40.94388,0.2791635,15.32327,13.40291,RIGHT_ACCELERATE
-1,9.162595,7.499269,3.045169,1.814152,-41.22133,0.2791649,13.79279,13.50739,RIGHT_ACCELERATE
-1,8.567,7.238035,3.749986,2.135015,-41.52781,0.2791659,12.40181,13.60305,RIGHT_ACCELERATE
-1,7.733689,6.910012,5.001438,2.60434,-41.95736,0.279168,10.93483,13.70575,RIGHT_ACCELERATE
-1,6.980214,6.493534,6.517305,3.15396,-42.45447,0.2791677,9.487118,13.80857,RIGHT_ACCELERATE
-1,6.200418,6.051828,8.652483,3.791325,-42.99778,0.2791674,8.194699,13.90274,RIGHT_ACCELERATE
-1,5.516495,5.43161,-1,4.451884,-43.59777,0.2791618,6.818617,14.00354,ACCELERATE
-1,4.875165,4.776135,-1,5.084145,-44.19346,0.2791589,5.388537,14.10756,LEFT_ACCELERATE
-1,4.451623,4.185637,-1,5.50193,-44.66553,0.2791638,4.050971,14.20289,LEFT_ACCELERATE
-1,4.06848,3.707696,-1,5.868533,-45.07399,0.2791623,2.6029,14.30394,ACCELERATE
-1,3.611431,3.279014,-1,6.285085,-45.48055,0.2791611,1.121956,14.40704,LEFT_ACCELERATE
-1,3.305832,2.897919,-1,6.562896,-45.80809,0.2791604,-0.254838,14.50211,LEFT_ACCELERATE
-1,2.99105,2.58112,-1,6.839769,-46.11066,0.2791622,-1.763673,14.60543,LEFT_ACCELERATE
-1,2.724219,2.295822,-1,7.072011,-46.36504,0.2791595,-3.151504,14.70018,LEFT_ACCELERATE
-1,2.451478,2.045007,-1,7.302465,-46.60883,0.2791605,-4.663524,14.80301,LEFT_ACCELERATE
-1,2.271781,1.824229,-1,7.460052,-46.80689,0.2791605,-6.174743,14.90539,LEFT_ACCELERATE
-1,2.198153,1.700987,-1,7.539903,-46.9158,0.279162,-7.683764,15.00699,ACCELERATE
-1,2.094605,1.605245,-1,7.627026,-47.00766,0.279161,-9.083633,15.10118,LEFT_ACCELERATE
-1,2.090207,1.549714,-1,7.661118,-47.05527,0.2791609,-10.61261,15.2039,LEFT_ACCELERATE
-1,2.037465,1.508514,-1,7.701673,-47.09734,0.2791603,-12.12098,15.30521,ACCELERATE
-1,2.008491,1.467854,-1,7.737325,-47.13468,0.2791592,-13.5765,15.40297,LEFT_ACCELERATE
-1,2.191738,1.508923,-1,7.694279,-47.083,0.2791642,-15.12113,15.50681,LEFT_ACCELERATE
-1,2.386363,1.612792,-1,7.596207,-46.97949,0.2791611,-16.61227,15.60717,ACCELERATE
-1,2.518563,1.702165,-1,7.506831,-46.89199,0.2791603,-18.01532,15.70155,ACCELERATE
-1,2.643862,1.787151,-1,7.421779,-46.80738,0.2791603,-19.52242,15.80289,ACCELERATE
-1,2.767788,1.868219,-1,7.341275,-46.72613,0.2791598,-21.06382,15.90652,LEFT_ACCELERATE
-1,2.982711,1.980488,-1,7.25051,-46.61076,0.2791603,-22.46586,16.00101,LEFT_ACCELERATE
-1,3.154667,2.157809,-1,7.074754,-46.41296,0.2791612,-24.04862,16.1081,LEFT_ACCELERATE
-1,3.228216,2.27219,-1,6.947048,-46.21738,0.2791605,-25.43817,16.20234,LEFT_ACCELERATE
-1,3.472109,2.416333,-1,6.806642,-45.89179,0.2791694,-26.92907,16.30491,LEFT_ACCELERATE
-1,3.570953,2.552406,-1,6.652029,-45.50984,0.2791624,-28.3205,16.4018,LEFT_ACCELERATE
-1,3.616948,2.647104,-1,6.554802,-45.07197,0.2791639,-29.7694,16.50347,LEFT_ACCELERATE
-1,3.681738,2.737174,-1,6.460628,-44.53913,0.2791656,-31.19088,16.60543,LEFT_ACCELERATE
-1,3.610808,2.766357,-1,6.435534,-44.00504,0.2791623,-32.508,16.70087,LEFT_ACCELERATE
-1,3.673946,2.802321,-1,6.401367,-43.3257,0.2791689,-33.88028,16.80382,LEFT_ACCELERATE
-1,3.657773,2.83883,-1,6.370866,-42.59728,0.2791702,-35.1134,16.90001,LEFT_ACCELERATE
9.87665,3.648531,2.84503,-1,6.367832,-41.75771,0.2791696,-36.3698,17.00157,LEFT_ACCELERATE
-1,3.867565,2.914299,-1,6.28308,-40.72366,0.2791905,-37.55862,17.10765,LEFT_ACCELERATE
-1,4.175259,3.075458,-1,6.13077,-39.62159,0.2791864,-38.51823,17.20598,LEFT_ACCELERATE
-1,4.497412,3.261292,-1,5.95119,-38.43182,0.279186,-39.3633,17.30414,LEFT_ACCELERATE
-1,5.099371,3.568346,8.679122,5.697509,-37.06379,0.2791916,-40.07595,17.408,LEFT_ACCELERATE
-1,5.575088,3.873202,7.844995,5.403507,-35.7597,0.279184,-40.58907,17.50221,LEFT_ACCELERATE
-1,6.271031,4.259016,6.811742,5.075931,-34.302,0.2791868,-40.99353,17.60401,LEFT_ACCELERATE
-1,6.863969,4.676506,6.12347,4.65711,-32.76258,0.279177,-41.26467,17.70905,LEFT_ACCELERATE
-1,7.071734,4.96213,5.881784,4.318254,-31.40475,0.2791671,-41.46843,17.80125,LEFT_ACCELERATE
-1,7.504123,5.26236,5.38871,4.014603,-29.89144,0.2791691,-41.60989,17.9034,LEFT_ACCELERATE
-1,7.710674,5.529969,5.137145,3.715001,-28.36763,0.2791641,-41.67543,18.00582,LEFT_ACCELERATE
-1,8.040158,5.73023,4.854822,3.497522,-26.86065,0.2791644,-41.69091,18.10707,LEFT_ACCELERATE
-1,8.904075,5.985648,4.324381,3.265857,-25.42034,0.2791704,-41.57494,18.20421,LEFT_ACCELERATE
-1,9.568585,6.219317,3.939452,3.019173,-23.93765,0.2791655,-41.3845,18.30459,ACCELERATE
-1,9.825155,6.383308,3.723906,2.847012,-22.52609,0.2791625,-41.21887,18.40002,LEFT_ACCELERATE
-1,-1,6.605803,3.36994,2.653229,-20.93337,0.2791599,-41.01569,18.50785,LEFT_ACCELERATE
-1,-1,6.969682,2.845374,2.399032,-19.5514,0.2791672,-40.72438,18.60281,LEFT_ACCELERATE
8.797697,-1,7.428712,2.312045,2.008007,-18.0747,0.2791639,-40.32515,18.70555,RIGHT_ACCELERATE
9.282917,-1,7.688543,1.988486,1.657064,-16.59372,0.279165,-40.00925,18.80732,RIGHT_ACCELERATE
9.074595,-1,7.890399,1.738528,1.421955,-15.20202,0.2791633,-39.78647,18.90197,RIGHT_ACCELERATE
-1,-1,8.021423,1.572685,1.232158,-13.71925,0.2791663,-39.61458,19.00227,RIGHT_ACCELERATE
-1,-1,8.038048,1.587269,1.170403,-12.17142,0.2791696,-39.56835,19.10632,RIGHT_ACCELERATE
-1,-1,7.996264,1.733671,1.205072,-10.67004,0.2791718,-39.61418,19.20726,RIGHT_ACCELERATE
-1,-1,7.869678,2.144898,1.372054,-9.293787,0.2791747,-39.78608,19.3005,RIGHT_ACCELERATE
-1,9.2504,7.655861,2.823347,1.667892,-7.80451,0.2791756,-40.07422,19.40243,RIGHT_ACCELERATE
-1,8.193207,7.374832,4.181234,2.140879,-6.353004,0.2791785,-40.51506,19.50444,RIGHT_ACCELERATE
-1,7.382513,6.934183,6.866646,2.695593,-4.948007,0.2791677,-41.02819,19.60489,RIGHT_ACCELERATE
-1,6.691083,6.411568,-1,3.267745,-3.538082,0.279161,-41.52742,19.70532,LEFT_ACCELERATE
-1,6.081594,5.898644,-1,3.847489,-2.176736,0.2791623,-41.95829,19.80124,LEFT_ACCELERATE
-1,5.634588,5.371567,-1,4.321082,-0.7095548,0.2791772,-42.27474,19.90221,LEFT_ACCELERATE
9.897321,5.248628,4.923413,-1,4.706148,0.8106745,0.2791763,-42.41571,20.0049,LEFT_ACCELERATE
9.602295,4.93037,4.541854,-1,5.031191,2.295478,0.2791837,-42.40529,20.10477,LEFT_ACCELERATE
-1,4.823833,4.240178,-1,5.166672,3.774249,0.2792,-42.17918,20.20554,LEFT_ACCELERATE
-1,4.82056,4.094041,-1,5.224034,5.204945,0.279191,-41.73574,20.30637,LEFT_ACCELERATE
-1,4.864777,4.025481,-1,5.235209,6.482107,0.2791978,-41.16927,20.4004,LEFT_ACCELERATE
-1,5.062779,4.048597,-1,5.164557,7.78606,0.279191,-40.36152,20.50366,LEFT_ACCELERATE
-1,5.113068,4.116374,-1,5.110245,8.978593,0.2791785,-39.4677,20.6038,LEFT_ACCELERATE
-1,4.964158,4.101073,-1,5.153921,10.15337,0.2791671,-38.53247,20.70465,LEFT_ACCELERATE
-1,4.970929,4.067348,-1,5.176568,11.26863,0.2791758,-37.48529,20.80754,LEFT_ACCELERATE
-1,5.055192,4.07329,-1,5.149337,12.1594,0.2791792,-36.42879,20.90049,LEFT_ACCELERATE
-1,5.04149,4.08775,-1,5.142374,13.05417,0.2791764,-35.20283,21.00248,LEFT_ACCELERATE
-1,5.128957,4.108525,-1,5.112837,13.83314,0.2791767,-33.88183,21.10559,LEFT_ACCELERATE
-1,5.006423,4.108915,-1,5.143768,14.53507,0.2791692,-32.53862,21.20737,LEFT_ACCELERATE
-1,4.863248,4.039735,-1,5.234137,15.14496,0.2791633,-31.28016,21.30131,LEFT_ACCELERATE
-1,4.66944,3.946451,-1,5.372535,15.73454,0.2791638,-29.88714,21.40289,LEFT_ACCELERATE
-1,4.323297,3.76006,-1,5.64074,16.32434,0.2791617,-28.45473,21.50691,LEFT_ACCELERATE
-1,4.133426,3.542636,-1,5.828509,16.79529,0.2791703,-27.04065,21.60712,LEFT_ACCELERATE
-1,4.080165,3.404981,-1,5.907009,17.08917,0.2791743,-25.67025,21.70137,LEFT_ACCELERATE
-1,3.980871,3.278768,-1,6.029433,17.31819,0.2791702,-24.15449,21.80434,LEFT_ACCELERATE
-1,4.109746,3.179118,9.506595,6.049046,17.42177,0.2791728,-22.62709,21.90729,LEFT_ACCELERATE
-1,4.337631,3.191664,8.867735,6.01592,17.40694,0.2791714,-21.22381,22.00156,LEFT_ACCELERATE
-1,4.709101,3.263974,8.234482,5.937827,17.3222,0.2791695,-19.72433,22.10246,LEFT_ACCELERATE
-1,5.474001,3.486943,7.408751,5.758174,17.10394,0.2791712,-18.19494,22.20628,LEFT_ACCELERATE
-1,6.295551,3.790065,6.78537,5.511015,16.82021,0.2791674,-16.68551,22.30943,LEFT_ACCELERATE
-1,7.911115,4.232045,5.955849,5.236764,16.43957,0.2791765,-15.31792,22.40491,LEFT_ACCELERATE
-1,-1,4.898058,5.090715,4.80064,15.89648,0.2791743,-13.91984,22.50572,LEFT_ACCELERATE
-1,-1,5.555813,4.390841,4.217677,15.31524,0.2791655,-12.53074,22.60683,ACCELERATE
-1,-1,6.152369,3.769658,3.620127,14.75428,0.2791617,-11.12149,22.70867,ACCELERATE
8.915,-1,6.663583,3.225957,3.06546,14.24872,0.2791624,-9.770424,22.80554,RIGHT_ACCELERATE
8.615763,-1,7.05052,2.775723,2.541764,13.79623,0.2791641,-8.296686,22.90911,RIGHT_ACCELERATE
7.536248,-1,7.43615,2.341371,2.121706,13.40846,0.2791621,-6.919117,23.00519,RIGHT_ACCELERATE
8.100707,-1,7.658279,2.040437,1.755471,13.09031,0.2791693,-5.477121,23.10446,RIGHT_ACCELERATE
-1,-1,7.691342,1.995988,1.55884,12.94497,0.2791856,-3.981762,23.20556,RIGHT_ACCELERATE
-1,-1,7.645938,2.15029,1.556686,12.96226,0.279179,-2.47239,23.30703,RIGHT_ACCELERATE
-1,9.991686,7.532261,2.555911,1.687823,13.11547,0.2791851,-0.9480379,23.41008,RIGHT_ACCELERATE
-1,8.774947,7.315518,3.498076,2.030742,13.43532,0.2791848,0.4663336,23.50763,RIGHT_ACCELERATE
-1,7.798765,7.008238,4.894236,2.523366,13.89065,0.2791833,1.87841,23.60739,RIGHT_ACCELERATE
-1,6.731818,6.645571,7.610948,3.250066,14.48185,0.2791864,3.171679,23.70307,RIGHT_ACCELERATE
-1,5.793461,6.041051,-1,4.143159,15.22014,0.2791737,4.50563,23.80549,ACCELERATE
-1,5.052907,5.178136,-1,4.908318,15.92752,0.2791635,5.855547,23.90791,LEFT_ACCELERATE
-1,4.562058,4.472306,-1,5.391118,16.4777,0.2791656,7.167469,24.00353,LEFT_ACCELERATE
-1,4.024715,3.856097,-1,5.906681,17.01166,0.2791635,8.625683,24.10783,LEFT_ACCELERATE
-1,3.656768,3.362603,-1,6.243951,17.41553,0.2791637,9.984692,24.20307,LEFT_ACCELERATE
-1,3.238291,2.928169,-1,6.622833,17.81378,0.2791633,11.47184,24.30644,LEFT_ACCELERATE
-1,3.019361,2.585935,-1,6.817208,18.09416,0.2791692,12.84977,24.40097,LEFT_ACCELERATE
-1,3.086169,2.394643,-1,6.848913,18.22083,0.279177,14.41118,24.50638,LEFT_ACCELERATE
-1,3.273875,2.386352,9.948892,6.818033,18.21014,0.279175,15.86481,24.60405,LEFT_ACCELERATE
-1,3.847024,2.525862,8.840111,6.697599,18.05636,0.2791848,17.38311,24.70671,LEFT_ACCELERATE
-1,4.830636,2.845517,7.855277,6.481837,17.75866,0.27918,18.74025,24.80014,LEFT_ACCELERATE
-1,5.93386,3.282426,7.122948,6.133176,17.3577,0.2791717,20.20288,24.902,LEFT_ACCELERATE
-1,7.755387,3.844206,6.269107,5.758371,16.87071,0.2791691,21.6519,25.00474,LEFT_ACCELERATE
-1,9.93409,4.505388,5.484178,5.26857,16.30453,0.2791679,23.01787,25.10406,LEFT_ACCELERATE
-1,-1,5.125142,4.837181,4.669455,15.7333,0.2791631,24.39508,25.20417,ACCELERATE
-1,-1,5.708688,4.232591,4.084607,15.18961,0.2791622,25.76651,25.30322,ACCELERATE
9.578955,-1,6.301229,3.618357,3.491027,14.62803,0.2791599,27.22627,25.40823,RIGHT_ACCELERATE
8.909302,-1,6.737074,3.139459,2.956639,14.16333,0.2791643,28.54806,25.50234,RIGHT_ACCELERATE
8.212562,-1,7.139444,2.685207,2.474545,13.72691,0.2791604,30.00526,25.60448,ACCELERATE
7.339526,-1,7.537097,2.231263,2.023926,13.31186,0.2791623,31.47023,25.70673,RIGHT_ACCELERATE
-1,-1,7.711937,1.971779,1.681574,13.02707,0.2791737,32.85255,25.80163,RIGHT_ACCELERATE
-1,-1,7.757611,1.90663,1.502695,12.88476,0.2791766,34.36514,25.90379,RIGHT_ACCELERATE
-1,-1,7.773881,1.927294,1.442001,12.83963,0.2791728,35.89363,26.00651,RIGHT_ACCELERATE
-1,9.51913,7.694871,2.310405,1.512999,12.92214,0.2791769,37.28262,26.10008,RIGHT_ACCELERATE
-1,8.572558,7.489244,3.402143,1.809961,13.13345,0.2791696,38.8744,26.20793,RIGHT_ACCELERATE
-1,7.988113,7.224574,4.866161,2.167418,13.31002,0.2791619,40.25363,26.30132,LEFT_ACCELERATE
-1,7.567444,6.869854,6.762566,2.540214,13.39198,0.2791702,41.74326,26.40163,LEFT_ACCELERATE
-1,7.253795,6.561622,-1,2.838344,13.30183,0.2791739,43.26665,26.50427,LEFT_ACCELERATE
-1,6.78093,6.288237,-1,3.207546,13.12313,0.2791665,44.75705,26.60507,LEFT_ACCELERATE
-1,6.360242,5.957314,-1,3.59848,12.87017,0.2791695,46.20612,26.70394,LEFT_ACCELERATE
-1,5.974695,5.614882,-1,3.974138,12.46913,0.2791717,47.66109,26.80537,LEFT_ACCELERATE
9.726346,5.5149,5.256435,-1,4.434472,11.98293,0.2791702,49.09562,26.90714,LEFT_ACCELERATE
9.521664,5.185964,4.865861,-1,4.767668,11.35512,0.2791867,50.45385,27.00783,LEFT_ACCELERATE
-1,5.08297,4.551916,-1,4.900162,10.53185,0.2792105,51.67923,27.10733,LEFT_ACCELERATE
-1,5.229954,4.403005,-1,4.883294,9.489779,0.2792175,52.73103,27.20725,LEFT_ACCELERATE
-1,5.555748,4.425986,-1,4.784707,8.353243,0.2792115,53.52765,27.30096,LEFT_ACCELERATE
-1,5.930722,4.572023,8.234168,4.62493,6.999478,0.2791937,54.21408,27.40328,LEFT_ACCELERATE
-1,6.086843,4.731723,7.891964,4.46873,5.616644,0.279177,54.78398,27.50377,LEFT_ACCELERATE
-1,5.916916,4.788076,8.865412,4.432561,4.239455,0.2791667,55.34464,27.60363,ACCELERATE
-1,5.559495,4.720961,-1,4.581213,2.870702,0.2791627,55.94097,27.70388,ACCELERATE
-1,5.108603,4.541001,-1,4.895582,1.518312,0.2791607,56.55576,27.80362,ACCELERATE
-1,4.583209,4.236782,-1,5.368935,0.1239079,0.27916,57.20125,27.90679,LEFT_ACCELERATE
-1,4.172762,3.853712,-1,5.77213,-1.240695,0.2791619,57.75922,28.00585,LEFT_ACCELERATE
9.879295,3.760185,3.501122,-1,6.166299,-2.62597,0.2791637,58.22998,28.1041,LEFT_ACCELERATE
9.179193,3.283559,3.07897,-1,6.605339,-4.075471,0.2791615,58.69433,28.20631,LEFT_ACCELERATE
9.294168,2.918745,2.652988,-1,6.91468,-5.53962,0.2791637,59.07769,28.30796,LEFT_ACCELERATE
8.450015,2.547173,2.289032,-1,7.242697,-6.935762,0.279161,59.4222,28.40451,LEFT_ACCELERATE
9.510166,2.296092,1.957824,-1,7.435266,-8.423359,0.2791651,59.70911,28.50633,LEFT_ACCELERATE
-1,2.200743,1.765159,-1,7.517516,-9.885164,0.2791682,59.86156,28.60509,LEFT_ACCELERATE
-1,2.113949,1.644458,-1,7.601573,-11.4145,0.2791648,59.97047,28.70805,LEFT_ACCELERATE
-1,2.232809,1.621042,-1,7.582268,-12.81065,0.2791687,59.9754,28.8019,LEFT_ACCELERATE
-1,2.46422,1.706785,-1,7.495146,-14.33307,0.2791655,59.88449,28.90432,LEFT_ACCELERATE
-1,2.609856,1.794563,-1,7.408945,-15.76629,0.2791621,59.79728,29.00073,LEFT_ACCELERATE
-1,2.885647,1.920759,9.745101,7.295071,-17.2988,0.2791595,59.67095,29.10398,ACCELERATE
-1,3.077694,2.046725,9.606466,7.169577,-18.81779,0.2791611,59.54637,29.2063,ACCELERATE
-1,3.233361,2.150642,9.625718,7.065564,-20.21188,0.27916,59.44298,29.30016,ACCELERATE
-1,3.388269,2.25672,9.854142,6.959406,-21.7366,0.2791601,59.33759,29.40277,ACCELERATE
-1,3.486567,2.362867,-1,6.856167,-23.29055,0.2791595,59.23105,29.50734,LEFT_ACCELERATE
-1,3.69549,2.501041,-1,6.739813,-24.67963,0.2791637,59.07517,29.60127,LEFT_ACCELERATE
-1,4.017987,2.725596,9.812881,6.530283,-26.21144,0.2791674,58.78128,29.70606,LEFT_ACCELERATE
-1,4.479297,2.97465,9.007001,6.316428,-27.6489,0.2791785,58.37328,29.80655,LEFT_ACCELERATE
-1,5.266869,3.345355,7.79238,6.068257,-28.94002,0.2791917,57.81032,29.90138,LEFT_ACCELERATE
-1,6.123267,3.83492,6.883584,5.660116,-30.26112,0.2791822,57.02993,30.00458,LEFT_ACCELERATE
-1,6.996693,4.388175,6.042831,5.183769,-31.51937,0.2791837,56.12,30.10902,LEFT_ACCELERATE
-1,7.808301,4.927771,5.296549,4.682008,-32.57859,0.2791803,55.17051,30.20465,LEFT_ACCELERATE
-1,8.391772,5.474545,4.665389,4.084291,-33.66317,0.279173,54.07946,30.30801,LEFT_ACCELERATE
-1,9.082224,6.015598,3.98912,3.541579,-34.59188,0.2791739,52.96302,30.40563,LEFT_ACCELERATE
-1,9.293287,6.458203,3.516274,2.961419,-35.5114,0.2791674,51.75463,30.5076,ACCELERATE
-1,9.138092,6.720283,3.326496,2.566014,-36.38862,0.2791617,50.62356,30.60372,LEFT_ACCELERATE
-1,8.826735,6.887426,3.375515,2.325214,-37.30422,0.2791632,49.45066,30.70391,RIGHT_ACCELERATE
-1,8.037765,6.872335,4.529899,2.370963,-38.31126,0.2791753,48.3403,30.80538,RIGHT_ACCELERATE
-1,6.994399,6.711933,-1,2.910208,-39.47057,0.2791952,47.36165,30.9076,RIGHT_ACCELERATE
8.862471,5.926086,6.48044,-1,4.166375,-40.68781,0.2792102,46.64463,31.00282,RIGHT_ACCELERATE
6.739015,4.86995,5.903514,-1,6.335461,-42.05725,0.2791536,45.97081,31.10543,LEFT_ACCELERATE
5.629237,3.93157,4.780982,-1,7.704649,-43.37034,0.2791698,45.20339,31.20771,LEFT_ACCELERATE
4.910865,3.191597,3.745143,-1,8.21515,-44.45489,0.2791909,44.36162,31.30015,LEFT_ACCELERATE
