-1,6.521043,4.61109,6.489725,4.588912,15.98893,0.2756149,3.105009,0.3733333,ACCELERATE
-1,6.52091,4.611073,6.489856,4.588929,15.98893,0.2757251,3.105008,0.450756,ACCELERATE
-1,6.520905,4.611069,6.489861,4.588933,15.98893,0.2757344,3.105008,0.4705203,ACCELERATE
-1,6.520904,4.611068,6.489863,4.588933,15.98893,0.2757372,3.105008,0.4782073,ACCELERATE
-1,6.520902,4.611067,6.489864,4.588934,15.98893,0.2757424,3.105008,0.5020406,ACCELERATE
-1,6.520897,4.611063,6.48987,4.588938,15.98894,0.2757461,3.105011,0.6016821,ACCELERATE
-1,6.520889,4.611057,6.489878,4.588944,15.98894,0.275744,3.105013,0.7044366,ACCELERATE
-1,6.520884,4.611053,6.489883,4.588948,15.98895,0.275745,3.10503,0.8035364,ACCELERATE
-1,6.520876,4.611048,6.489892,4.588953,15.98895,0.2757444,3.105048,0.9096975,ACCELERATE
-1,6.520871,4.611044,6.489897,4.588957,15.98896,0.2757436,3.105057,1.00364,ACCELERATE
-1,6.520868,4.611042,6.489899,4.588959,15.98896,0.2757442,3.105072,1.1063,ACCELERATE
-1,6.520868,4.611042,6.489899,4.588959,15.98896,0.2757446,3.10509,1.206227,ACCELERATE
-1,6.520868,4.611042,6.489899,4.588959,15.98896,0.2757442,3.105103,1.307,ACCELERATE
-1,6.520868,4.611042,6.489899,4.588959,15.98896,0.2757445,3.105119,1.407339,ACCELERATE
-1,6.520868,4.611042,6.489899,4.588959,15.98896,0.2757444,3.105134,1.507341,ACCELERATE
-1,6.520868,4.611042,6.489899,4.588959,15.98896,0.2757443,3.10515,1.60013,ACCELERATE
-1,6.520868,4.611042,6.489899,4.588959,15.98896,0.2757441,3.105166,1.700241,ACCELERATE
-1,6.520868,4.611042,6.489899,4.588959,15.98896,0.2757438,3.105183,1.806963,ACCELERATE
-1,6.520868,4.611042,6.489899,4.588959,15.98896,0.275744,3.105198,1.903648,ACCELERATE
-1,6.520868,4.611042,6.489899,4.588959,15.98896,0.2757442,3.105212,2.004385,ACCELERATE
-1,6.520868,4.611042,6.489899,4.588959,15.98896,0.2757443,3.105228,2.10911,ACCELERATE
-1,6.520868,4.611042,6.489899,4.588959,15.98896,0.2757442,3.105242,2.206299,ACCELERATE
-1,6.520868,4.611042,6.489899,4.588959,15.98896,0.2757442,3.105257,2.307608,ACCELERATE
-1,6.520868,4.611042,6.489899,4.588959,15.98896,0.275744,3.105271,2.400329,ACCELERATE
-1,6.520868,4.611042,6.489899,4.588959,15.98896,0.2757436,3.105284,2.506791,ACCELERATE
-1,6.520868,4.611042,6.489899,4.588959,15.98896,0.2757443,3.105299,2.605624,ACCELERATE
-1,6.520868,4.611042,6.489899,4.588959,15.98896,0.2757444,3.105314,2.703482,ACCELERATE
-1,6.520868,4.611042,6.489899,4.588959,15.98896,0.2757443,3.105332,2.802375,ACCELERATE
-1,6.520868,4.611042,6.489899,4.588959,15.98896,0.2757443,3.105347,2.901299,ACCELERATE
-1,6.520868,4.611042,6.489899,4.588959,15.98896,0.2757439,3.10536,3.001011,ACCELERATE
-1,6.520888,4.611039,6.48988,4.588962,15.98896,0.2757258,3.146909,3.104237,ACCELERATE
-1,6.520944,4.611031,6.489823,4.588971,15.98897,0.2757054,3.32535,3.202064,ACCELERATE
-1,6.521012,4.611023,6.489755,4.588978,15.98898,0.275698,3.645455,3.301707,ACCELERATE
-1,6.521176,4.611027,6.489592,4.588974,15.98897,0.2860027,4.098018,3.402342,ACCELERATE
-1,6.521393,4.611063,6.489376,4.588938,15.98893,0.2782996,4.675716,3.503646,ACCELERATE
-1,6.521528,4.611128,6.489241,4.588873,15.98887,0.2802097,5.350439,3.601575,ACCELERATE
-1,6.521674,4.611193,6.489096,4.588809,15.9888,0.2787791,6.145405,3.701329,ACCELERATE
-1,6.521891,4.611269,6.48888,4.588732,15.98873,0.2792501,7.099313,3.807559,ACCELERATE
-1,6.522067,4.611344,6.488705,4.588657,15.98865,0.2790433,8.012164,3.900169,ACCELERATE
-1,6.522325,4.611447,6.488448,4.588554,15.98854,0.2791829,9.158273,4.007761,ACCELERATE
-1,6.522583,4.611562,6.488191,4.588439,15.98843,0.2791522,10.28854,4.107116,ACCELERATE
-1,6.522882,4.611698,6.487891,4.588303,15.98829,0.2791702,11.47116,4.205761,ACCELERATE
-1,6.523211,4.611858,6.487562,4.588143,15.98813,0.2791553,12.70067,4.303918,ACCELERATE
-1,6.52357,4.612038,6.487206,4.587964,15.98795,0.2791653,13.96131,4.400942,ACCELERATE
-1,6.523982,4.612251,6.486793,4.58775,15.98773,0.2791586,15.35317,4.504692,ACCELERATE
-1,6.52442,4.612484,6.486357,4.587517,15.98749,0.2791598,16.76636,4.607176,ACCELERATE
-1,6.524886,4.612739,6.48589,4.587263,15.98724,0.2791585,18.08136,4.700466,ACCELERATE
-1,6.525435,4.613045,6.485343,4.586957,15.98666,0.279159,19.61631,4.807281,LEFT_ACCELERATE
-1,6.760331,4.640753,6.270282,4.563168,15.95585,0.27916,20.99924,4.902055,LEFT_ACCELERATE
-1,7.758623,4.830816,5.602241,4.434594,15.78436,0.2791734,22.51155,5.005379,LEFT_ACCELERATE
-1,9.280193,5.213847,4.901945,4.17836,15.4656,0.279175,23.89625,5.101209,LEFT_ACCELERATE
-1,-1,5.684552,4.309506,3.772611,15.03975,0.2791657,25.4195,5.207425,ACCELERATE
-1,-1,6.066658,3.873084,3.390445,14.67165,0.2791625,26.78621,5.302458,ACCELERATE
-1,-1,6.463742,3.419561,2.992711,14.28639,0.2791599,28.27881,5.405951,ACCELERATE
-1,-1,6.816686,3.016264,2.639373,13.94302,0.2791593,29.64682,5.500643,ACCELERATE
-1,-1,7.201212,2.576778,2.254581,13.56727,0.2791603,31.17225,5.606114,ACCELERATE
-1,-1,7.53805,2.191756,1.917604,13.22827,0.2791591,32.56577,5.702396,ACCELERATE
-1,-1,7.914439,1.761512,1.541125,12.8751,0.2791599,34.02944,5.80348,ACCELERATE
-1,-1,8.274651,1.341598,1.173729,12.51707,0.2791587,35.52169,5.906505,ACCELERATE
-1,-1,8.571724,0.9471691,0.8210107,12.17378,0.2791606,36.95774,6.00563,ACCELERATE
-1,-1,8.602687,0.8182787,0.6041528,11.95235,0.2791707,38.36296,6.10217,RIGHT_ACCELERATE
-1,-1,8.591467,1.038807,0.6413453,11.8526,0.279148,39.9138,6.207005,RIGHT_ACCELERATE
-1,9.371563,8.444667,1.669788,0.8830318,11.83598,0.2791644,41.36001,6.304132,LEFT_ACCELERATE
-1,8.898345,8.188106,2.516163,1.201869,11.77305,0.2791564,42.80436,6.401265,LEFT_ACCELERATE
-1,8.619183,7.87419,3.218481,1.498325,11.54677,0.2791826,44.31265,6.50389,LEFT_ACCELERATE
-1,8.58585,7.622133,3.309716,1.678559,11.07599,0.2792068,45.78185,6.607876,LEFT_ACCELERATE
-1,8.724687,7.518436,3.090991,1.720259,10.40684,0.2792051,47.03975,6.7039,LEFT_ACCELERATE
-1,8.76548,7.511273,3.031193,1.716827,9.515028,0.2791883,48.27732,6.806551,LEFT_ACCELERATE
-1,8.553099,7.492532,3.416294,1.770887,8.608122,0.2791739,49.37678,6.902285,LEFT_ACCELERATE
-1,8.048244,7.396319,5.11332,2.003549,7.685241,0.2791665,50.50317,7.00007,ACCELERATE
-1,7.394966,7.14802,-1,2.480521,6.743754,0.2791618,51.70071,7.102351,ACCELERATE
-1,6.665237,6.766123,-1,3.191596,5.802969,0.2791608,52.92594,7.206065,LEFT_ACCELERATE
9.638853,6.017133,6.2337,-1,3.925944,4.893338,0.279162,54.03689,7.302526,LEFT_ACCELERATE
9.229787,5.458995,5.562366,-1,4.528256,3.798475,0.2791829,55.11739,7.406039,LEFT_ACCELERATE
9.549003,5.146657,5.001829,-1,4.815781,2.666034,0.2792061,55.93523,7.50016,LEFT_ACCELERATE
-1,5.07832,4.5725,-1,4.913686,1.282664,0.2792161,56.58131,7.603178,LEFT_ACCELERATE
-1,5.285735,4.398115,9.443191,4.880868,-0.1331646,0.2792194,56.9339,7.701751,LEFT_ACCELERATE
-1,5.781651,4.43941,7.550476,4.75978,-1.671278,0.2792048,57.03661,7.805892,LEFT_ACCELERATE
-1,6.420819,4.605419,6.596369,4.592504,-3.093863,0.2791869,56.95825,7.901823,LEFT_ACCELERATE
-1,6.97783,4.791392,6.064804,4.412471,-4.63063,0.2791721,56.79959,8.005589,LEFT_ACCELERATE
-1,7.176178,4.918683,5.880496,4.285677,-6.03975,0.2791646,56.67533,8.100588,ACCELERATE
-1,7.325562,5.024092,5.738868,4.180095,-7.601752,0.279162,56.5716,8.205699,ACCELERATE
-1,7.434937,5.100965,5.635122,4.103116,-9.02578,0.2791607,56.49594,8.301439,ACCELERATE
-1,7.536913,5.1722,5.538472,4.03181,-10.59844,0.2791604,56.42558,8.407127,ACCELERATE
-1,7.618982,5.229226,5.460779,3.974747,-12.03424,0.2791605,56.36901,8.503594,ACCELERATE
-1,7.694273,5.281333,5.389575,3.922618,-13.47033,0.2791604,56.31723,8.600068,ACCELERATE
-1,7.769322,5.333135,5.318653,3.870801,-14.99799,0.2791607,56.26569,8.702686,ACCELERATE
-1,7.841588,5.382896,5.250411,3.821033,-16.54692,0.2791603,56.21584,8.806726,ACCELERATE
-1,7.908932,5.429189,5.186854,3.774735,-18.03575,0.2791603,56.16943,8.906728,ACCELERATE
-1,7.939078,5.473351,5.126194,3.730572,-19.47054,0.2791606,56.12563,9.003098,ACCELERATE
-1,7.87836,5.519524,5.073292,3.684399,-21.00529,0.27916,56.07947,9.106177,ACCELERATE
-1,7.717354,5.564337,5.118115,3.639588,-22.51175,0.2791605,56.03461,9.207358,ACCELERATE
-1,7.483153,5.606953,5.348462,3.596725,-23.94573,0.2791611,55.99217,9.303671,ACCELERATE
-1,7.154709,5.610812,5.913525,3.592394,-25.48766,0.2791601,55.94673,9.407233,ACCELERATE
-1,6.774795,5.544928,7.023174,3.682017,-26.92664,0.2791601,55.90445,9.50388,ACCELERATE
-1,6.304463,5.397703,-1,3.903124,-28.44721,0.2791604,55.85983,9.606008,ACCELERATE
-1,5.791837,5.178792,-1,4.247162,-29.90165,0.2791602,55.8172,9.703692,ACCELERATE
9.751994,5.223777,4.880581,-1,4.73778,-31.34703,0.2791604,55.77485,9.800769,ACCELERATE
8.336945,4.579855,4.446831,-1,5.415093,-32.90812,0.2791596,55.71618,9.905662,LEFT_ACCELERATE
7.601573,4.077445,3.963012,-1,5.950604,-34.33028,0.2791681,55.56751,10.00179,LEFT_ACCELERATE
7.373478,3.69982,3.473345,-1,6.270263,-35.83471,0.2791927,55.20775,10.10595,LEFT_ACCELERATE
7.923885,3.559706,3.136937,-1,6.332041,-37.20712,0.2792132,54.60586,10.20701,LEFT_ACCELERATE
9.067869,3.660418,3.010264,-1,6.273255,-38.35547,0.2792171,53.81759,10.30101,LEFT_ACCELERATE
-1,4.028449,3.065538,-1,6.131301,-39.4439,0.2792198,52.71114,10.40593,LEFT_ACCELERATE
-1,4.641507,3.297197,9.876554,5.938012,-40.23937,0.2792197,51.51427,10.50319,LEFT_ACCELERATE
-1,5.698839,3.758858,7.442245,5.638086,-40.81864,0.2792204,50.14636,10.60385,LEFT_ACCELERATE
-1,7.190537,4.420331,5.909037,5.259938,-41.13224,0.2792203,48.69686,10.70445,LEFT_ACCELERATE
-1,9.116112,5.265707,4.718616,4.782645,-41.17577,0.2792196,47.2719,10.80124,LEFT_ACCELERATE
-1,-1,6.377851,3.583255,4.032461,-40.96001,0.2792073,45.76976,10.90426,LEFT_ACCELERATE
7.042738,-1,7.4422,2.624284,3.065501,-40.58925,0.2791907,44.39827,11.00034,LEFT_ACCELERATE
4.027699,-1,8.328453,1.70299,1.919289,-40.13812,0.2791738,42.97414,11.10074,RIGHT_ACCELERATE
2.849187,-1,8.754748,0.9818889,0.9828625,-39.78447,0.279175,41.49667,11.20292,RIGHT_ACCELERATE
-1,-1,8.603454,0.8320533,0.5996116,-39.78514,0.2792158,40.0257,11.30442,RIGHT_ACCELERATE
-1,9.539577,8.598204,1.555207,0.7924867,-40.14348,0.2791856,38.5765,11.4071,RIGHT_ACCELERATE
-1,8.307149,8.538857,4.21771,1.453406,-40.74477,0.2792387,37.31627,11.50274,RIGHT_ACCELERATE
-1,7.13947,8.327533,-1,2.652206,-41.62301,0.2791902,36.10164,11.6052,RIGHT_ACCELERATE
9.171221,6.047326,7.783742,-1,4.205457,-42.64402,0.2791891,35.01833,11.70638,RIGHT_ACCELERATE
7.319441,5.010852,6.797207,-1,5.749409,-43.66622,0.2791626,34.03837,11.80173,LEFT_ACCELERATE
6.026291,3.969238,5.253371,-1,6.95319,-44.70937,0.2791656,32.95253,11.90293,LEFT_ACCELERATE
5.177866,3.065938,3.729443,-1,7.609851,-45.63369,0.2791806,31.74977,12.005,LEFT_ACCELERATE
4.935902,2.399528,2.585486,-1,7.801054,-46.35138,0.2792031,30.4297,12.10627,LEFT_ACCELERATE
5.991654,2.049416,1.911468,-1,7.745708,-46.79964,0.2792146,29.00799,12.20682,LEFT_ACCELERATE
-1,2.050162,1.661322,-1,7.636308,-46.96078,0.2792167,27.63095,12.30043,LEFT_ACCELERATE
-1,2.577931,1.742863,-1,7.465996,-46.83839,0.2792186,26.06,12.407,LEFT_ACCELERATE
-1,3.757229,2.125938,8.552634,7.255948,-46.48244,0.2792081,24.70604,12.50167,LEFT_ACCELERATE
-1,5.803988,2.772447,7.367465,6.89988,-45.92108,0.2791901,23.32419,12.60224,LEFT_ACCELERATE
-1,8.167741,3.526856,6.459846,6.346219,-45.26728,0.2791732,21.95695,12.70404,LEFT_ACCELERATE
-1,9.892944,4.230146,5.739823,5.663032,-44.62305,0.2791648,20.57659,12.80634,ACCELERATE
-1,-1,4.849111,5.112575,5.041883,-44.04782,0.2791627,19.26816,12.90231,ACCELERATE
-1,-1,5.48437,4.46826,4.405002,-43.45778,0.2791607,17.87377,13.00397,ACCELERATE
9.59874,-1,6.107327,3.836139,3.781074,-42.87682,0.2791611,16.46585,13.10622,ACCELERATE
8.151884,-1,6.677991,3.256978,3.209867,-42.34552,0.2791615,15.15784,13.201,ACCELERATE
6.611507,-1,7.284847,2.641048,2.602655,-41.78297,0.2791606,13.75841,13.30226,ACCELERATE
5.314151,-1,7.833776,2.048441,1.991205,-41.23012,0.279162,12.33111,13.40504,RIGHT_ACCELERATE
5.073527,-1,8.105405,1.617566,1.476705,-40.79438,0.2791751,10.89272,13.50611,RIGHT_ACCELERATE
7.06153,-1,8.138702,1.441782,1.191516,-40.56415,0.2791969,9.510774,13.60043,RIGHT_ACCELERATE
-1,-1,8.032713,1.650872,1.167305,-40.57724,0.2792161,7.996011,13.70257,RIGHT_ACCELERATE
-1,9.68626,7.856111,2.392054,1.442782,-40.85348,0.2792031,6.512229,13.80426,RIGHT_ACCELERATE
-1,8.572204,7.55521,3.603492,1.920127,-41.29863,0.2791853,5.076194,13.90536,RIGHT_ACCELERATE
-1,7.865485,7.130685,4.784152,2.428598,-41.77214,0.2791683,3.73154,14.0011,ACCELERATE
-1,7.294788,6.614173,5.803899,2.945565,-42.26681,0.2791614,2.2439,14.10637,ACCELERATE
-1,6.809041,6.171331,6.669281,3.387125,-42.68998,0.2791602,0.8953204,14.20127,ACCELERATE
-1,6.309998,5.717434,7.557452,3.840106,-43.12682,0.2791594,-0.549414,14.3026,ACCELERATE
-1,5.818724,5.271355,8.431517,4.2856,-43.55721,0.2791601,-2.008951,14.40476,ACCELERATE
-1,5.358893,4.85423,9.249567,4.702353,-43.95523,0.2791591,-3.380484,14.50064,ACCELERATE
-1,4.88717,4.426572,-1,5.129746,-44.36718,0.2791604,-4.815246,14.60085,ACCELERATE
-1,4.411707,3.995683,-1,5.560442,-44.78099,0.2791597,-6.267044,14.7022,ACCELERATE
-1,3.944434,3.57232,-1,5.983665,-45.18976,0.2791601,-7.708256,14.80278,ACCELERATE
-1,3.47021,3.142726,-1,6.413149,-45.60308,0.2791597,-9.17037,14.90478,ACCELERATE
9.770896,3.028797,2.742899,-1,6.812893,-45.98845,0.27916,-10.5366,15.00008,ACCELERATE
8.21891,2.547497,2.306977,-1,7.24874,-46.40813,0.2791598,-12.02674,15.10402,ACCELERATE
6.769352,2.098056,1.899932,-1,7.655723,-46.79953,0.2791595,-13.4179,15.20104,ACCELERATE
5.452986,1.628435,1.459718,-1,8.064389,-47.21954,0.2791598,-14.95469,15.30801,LEFT_ACCELERATE
5.688256,1.328925,1.125648,-1,8.252948,-47.51109,0.2791669,-16.3755,15.40552,LEFT_ACCELERATE
9.054814,1.277372,0.9776966,-1,8.253592,-47.627,0.2791891,-17.81083,15.50245,LEFT_ACCELERATE
-1,1.656044,1.083003,-1,8.142939,-47.50145,0.2792118,-19.26769,15.60102,LEFT_ACCELERATE
-1,2.824301,1.517878,9.232202,7.943639,-47.08504,0.2792017,-20.7766,15.70653,LEFT_ACCELERATE
-1,4.370597,2.157042,8.111749,7.598472,-46.52067,0.2791869,-22.11852,15.80446,LEFT_ACCELERATE
-1,5.550131,2.842507,7.365337,7.049528,-45.88584,0.2791713,-23.43315,15.90251,LEFT_ACCELERATE
-1,6.114461,3.396729,6.911047,6.384282,-45.26613,0.279165,-24.75306,16.00043,ACCELERATE
-1,6.411914,3.849114,6.617061,5.738542,-44.65511,0.2791609,-26.12165,16.10106,ACCELERATE
-1,6.512034,4.191038,6.494742,5.238405,-44.06953,0.2791618,-27.47604,16.20013,ACCELERATE
-1,6.467115,4.451541,6.606348,4.855441,-43.46745,0.2791602,-28.89812,16.30381,ACCELERATE
-1,6.303611,4.596734,7.070388,4.632324,-42.9063,0.2791605,-30.24147,16.40154,ACCELERATE
-1,6.033131,4.649183,8.282797,4.548101,-42.33952,0.2791602,-31.61018,16.501,ACCELERATE
-1,5.647252,4.605771,-1,4.624351,-41.74501,0.2791599,-33.05448,16.60586,ACCELERATE
-1,5.207941,4.47317,-1,4.857404,-41.19654,0.2791597,-34.39211,16.70291,ACCELERATE
9.316323,4.696567,4.241169,-1,5.264629,-40.64806,0.2791593,-35.73317,16.80018,ACCELERATE
7.840593,4.10486,3.891979,-1,5.885807,-40.08147,0.2791604,-37.11854,16.90067,LEFT_ACCELERATE
6.751922,3.534699,3.435634,-1,6.542298,-39.47196,0.2791621,-38.48112,17.00095,LEFT_ACCELERATE
6.24596,3.097129,2.963606,-1,6.94819,-38.72803,0.2791817,-39.76952,17.10105,LEFT_ACCELERATE
6.394865,2.806853,2.533648,-1,7.085602,-37.74219,0.2792056,-40.9806,17.2063,LEFT_ACCELERATE
7.392016,2.776068,2.327454,-1,7.022718,-36.62206,0.2792164,-41.9146,17.30468,LEFT_ACCELERATE
9.328318,3.004496,2.31618,-1,6.89276,-35.34998,0.2792185,-42.61853,17.40289,LEFT_ACCELERATE
-1,3.474454,2.492435,-1,6.719788,-33.98129,0.2792098,-43.08393,17.50057,LEFT_ACCELERATE
-1,4.045296,2.787064,9.90554,6.459642,-32.44926,0.2791894,-43.38052,17.60573,LEFT_ACCELERATE
-1,4.393882,3.066679,9.38106,6.168621,-30.98935,0.2791734,-43.56927,17.70461,LEFT_ACCELERATE
-1,4.411711,3.235765,9.650046,5.970974,-29.55661,0.279166,-43.76595,17.80173,ACCELERATE
-1,4.26049,3.281957,-1,5.925745,-28.03164,0.2791615,-44.01139,17.90545,ACCELERATE
-1,4.014435,3.227548,-1,6.022068,-26.59496,0.279161,-44.26373,18.00339,ACCELERATE
-1,3.713213,3.087569,-1,6.233194,-25.17258,0.2791603,-44.52633,18.1005,ACCELERATE
-1,3.361481,2.847991,-1,6.528968,-23.62613,0.2791604,-44.82113,18.20619,ACCELERATE
-1,3.02622,2.571768,-1,6.813838,-22.19365,0.2791608,-45.09975,18.30416,ACCELERATE
-1,2.685781,2.282562,-1,7.10315,-20.75156,0.2791609,-45.38378,18.40284,ACCELERATE
9.833478,2.336353,1.985646,-1,7.400126,-19.28693,0.2791602,-45.67474,18.50308,ACCELERATE
8.686237,2.006936,1.696243,-1,7.677625,-17.8623,0.2791604,-45.95454,18.60056,LEFT_ACCELERATE
-1,1.810478,1.45103,-1,7.830625,-16.33611,0.2791664,-46.17144,18.70417,LEFT_ACCELERATE
-1,1.92597,1.392945,-1,7.809492,-14.88621,0.2791871,-46.20303,18.80178,LEFT_ACCELERATE
-1,2.655559,1.61216,9.514547,7.67943,-13.36105,0.2792118,-45.97705,18.90572,LEFT_ACCELERATE
-1,4.520282,2.176397,8.020198,7.480762,-11.95415,0.27921,-45.48006,19.00638,LEFT_ACCELERATE
-1,8.010673,3.044397,6.854939,7.105236,-10.64531,0.2791924,-44.78,19.10635,LEFT_ACCELERATE
-1,-1,4.054351,5.882874,6.472947,-9.444115,0.2791794,-44.00107,19.20254,LEFT_ACCELERATE
-1,-1,5.082256,4.969311,5.544982,-8.148085,0.2791668,-43.14082,19.30701,ACCELERATE
9.349499,-1,5.983762,4.160453,4.640589,-6.917979,0.2791622,-42.36282,19.40474,ACCELERATE
7.788326,-1,6.795387,3.38223,3.771266,-5.688247,0.279161,-41.60973,19.50155,ACCELERATE
6.12401,-1,7.562522,2.548703,2.835475,-4.333804,0.27916,-40.79781,19.60757,ACCELERATE
4.713933,-1,8.152083,1.819829,1.964281,-3.063811,0.279162,-40.05338,19.70642,RIGHT_ACCELERATE
4.825667,-1,8.444189,1.261144,1.229722,-1.785649,0.2791685,-39.39667,19.80301,RIGHT_ACCELERATE
-1,-1,8.501509,0.9826419,0.8170906,-0.4118015,0.2791893,-38.88272,19.90173,RIGHT_ACCELERATE
-1,-1,8.438708,1.09214,0.7588616,1.012958,0.2791842,-38.55122,20.00014,RIGHT_ACCELERATE
-1,9.466306,8.286687,1.683769,0.9702781,2.573368,0.2791697,-38.29549,20.10634,RIGHT_ACCELERATE
-1,8.793509,8.059138,2.771528,1.309769,3.993034,0.2791626,-38.05625,20.20301,ACCELERATE
-1,8.067513,7.75415,-1,1.808471,5.468515,0.2791601,-37.78759,20.30369,ACCELERATE
-1,7.285694,7.346034,-1,2.510451,6.952713,0.2791603,-37.50426,20.40514,ACCELERATE
9.740108,6.499902,6.841446,-1,3.400704,8.382251,0.2791605,-37.21568,20.50306,LEFT_ACCELERATE
8.717774,5.738674,6.13205,-1,4.338253,9.857712,0.2791671,-36.82074,20.60574,LEFT_ACCELERATE
8.207887,5.157447,5.423308,-1,4.981043,11.15841,0.2791894,-36.29763,20.7001,LEFT_ACCELERATE
8.196254,4.714197,4.716976,-1,5.33436,12.44257,0.2792118,-35.51255,20.80157,LEFT_ACCELERATE
8.72248,4.493229,4.208383,-1,5.468594,13.54908,0.2792175,-34.49079,20.90322,LEFT_ACCELERATE
9.785449,4.490884,3.935891,-1,5.477842,14.39962,0.2792191,-33.33564,21.00015,LEFT_ACCELERATE
-1,4.761477,3.854677,-1,5.383924,15.07565,0.2792196,-31.89585,21.1078,LEFT_ACCELERATE
-1,5.296536,3.974765,8.798491,5.225571,15.41838,0.2792206,-30.56258,21.20105,LEFT_ACCELERATE
-1,6.312465,4.332654,6.751796,4.954915,15.51901,0.2792204,-29.0097,21.30661,LEFT_ACCELERATE
-1,7.868205,4.903982,5.371,4.596896,15.33768,0.2792206,-27.56115,21.40572,LEFT_ACCELERATE
-1,-1,5.664248,4.29495,4.101777,14.93055,0.2792064,-26.20419,21.50185,LEFT_ACCELERATE
9.299088,-1,6.574409,3.342254,3.3789,14.32467,0.279188,-24.8131,21.60442,LEFT_ACCELERATE
6.267586,-1,7.417951,2.507428,2.547329,13.65282,0.2791716,-23.44879,21.70659,LEFT_ACCELERATE
4.753103,-1,8.035315,1.853077,1.809032,13.04806,0.2791679,-22.13445,21.80381,RIGHT_ACCELERATE
4.045466,-1,8.389154,1.326885,1.221561,12.53957,0.2791789,-20.70077,21.90613,RIGHT_ACCELERATE
4.825456,-1,8.474183,1.049131,0.8766146,12.2485,0.2791979,-19.30582,22.0021,RIGHT_ACCELERATE
-1,-1,8.400951,1.117122,0.7997977,12.20834,0.2792156,-17.76342,22.10615,RIGHT_ACCELERATE
-1,-1,8.278015,1.729245,1.032594,12.44538,0.2792182,-16.37391,22.20127,RIGHT_ACCELERATE
-1,8.480176,8.110736,3.592571,1.644601,13.00067,0.2792189,-14.91964,22.30649,RIGHT_ACCELERATE
-1,7.245388,7.835743,7.737632,2.574566,13.7324,0.279207,-13.70141,22.40249,RIGHT_ACCELERATE
-1,6.115708,7.249693,-1,3.858225,14.66208,0.2791864,-12.51015,22.50424,RIGHT_ACCELERATE
8.375991,5.061936,6.25027,-1,5.229962,15.65815,0.2791702,-11.35463,22.6067,RIGHT_ACCELERATE
6.845488,4.142137,5.119289,-1,6.36996,16.57935,0.2791613,-10.25246,22.70317,LEFT_ACCELERATE
5.478788,3.200214,3.855196,-1,7.395356,17.50739,0.2791635,-9.045928,22.80544,LEFT_ACCELERATE
4.704857,2.471981,2.781247,-1,7.907012,18.25724,0.2791786,-7.850885,22.90034,LEFT_ACCELERATE
4.526729,1.903069,1.91493,-1,8.07499,18.87049,0.2791997,-6.462296,23.00261,LEFT_ACCELERATE
6.207412,1.655249,1.442411,-1,8.00293,19.20979,0.2792157,-4.988738,23.10459,LEFT_ACCELERATE
-1,1.781526,1.338984,-1,7.879249,19.25967,0.2792125,-3.560177,23.20107,LEFT_ACCELERATE
-1,2.307177,1.510937,-1,7.714118,19.07463,0.2791975,-2.071847,23.30217,LEFT_ACCELERATE
-1,3.098302,1.846869,9.125619,7.465875,18.73804,0.27918,-0.5856881,23.40459,LEFT_ACCELERATE
-1,3.826162,2.216618,8.543145,7.132512,18.39265,0.279169,0.8088773,23.50107,ACCELERATE
-1,4.41322,2.558006,8.136276,6.790454,18.0605,0.2791627,2.284032,23.6026,ACCELERATE
-1,4.954896,2.873583,7.760246,6.474105,17.75038,0.2791609,3.772822,23.7047,ACCELERATE
-1,5.442235,3.157247,7.421374,6.189989,17.47182,0.2791603,5.178577,23.80091,ACCELERATE
-1,5.948132,3.451467,7.069314,5.895475,17.18316,0.2791609,6.684845,23.90388,ACCELERATE
-1,6.413124,3.721727,6.745605,5.625049,16.91656,0.2791599,8.107255,24.00103,ACCELERATE
-1,6.90311,4.006388,6.404451,5.340282,16.63646,0.2791601,9.624214,24.1046,ACCELERATE
-1,7.356407,4.26964,6.088843,5.076974,16.37689,0.2791597,11.04392,24.20149,ACCELERATE
-1,7.838036,4.549274,5.753526,4.797309,16.10278,0.2791605,12.55324,24.30448,ACCELERATE
-1,8.282336,4.807184,5.444223,4.53939,15.84841,0.2791605,13.95999,24.40045,ACCELERATE
-1,8.76177,5.085447,5.11049,4.261128,15.57507,0.2791596,15.47619,24.50388,ACCELERATE
-1,9.238485,5.362094,4.778685,3.984492,15.30269,0.2791606,16.99012,24.60715,ACCELERATE
-1,9.6771,5.616607,4.473425,3.729993,15.05301,0.2791593,18.37971,24.70194,ACCELERATE
-1,-1,5.893081,4.141828,3.453539,14.77937,0.2791593,19.90387,24.8059,ACCELERATE
-1,-1,6.164181,3.816678,3.182461,14.51343,0.27916,21.38591,24.90698,ACCELERATE
-1,-1,6.423859,3.505237,2.922808,14.25818,0.2791599,22.8089,25.00404,ACCELERATE
-1,-1,6.693374,3.182004,2.653318,13.99237,0.2791598,24.29105,25.10513,ACCELERATE
-1,-1,6.953253,2.870335,2.393464,13.73711,0.2791603,25.71449,25.20222,ACCELERATE
-1,-1,7.229564,2.538968,2.117179,13.46499,0.2791599,27.23203,25.30572,ACCELERATE
-1,-1,7.485108,2.232514,1.86166,13.21477,0.2791587,28.62745,25.4009,ACCELERATE
-1,-1,7.759219,1.903217,1.584633,12.94232,0.2791595,30.15528,25.50509,RIGHT_ACCELERATE
-1,-1,7.919399,1.699688,1.361921,12.73796,0.2791642,31.59649,25.60289,RIGHT_ACCELERATE
-1,-1,8.006876,1.595862,1.231286,12.61883,0.2791623,33.12554,25.70589,RIGHT_ACCELERATE
-1,-1,8.111263,1.4607,1.12636,12.51377,0.2791607,34.55447,25.80208,ACCELERATE
-1,-1,8.231915,1.304217,1.005834,12.39268,0.2791586,36.07971,25.9048,ACCELERATE
-1,-1,8.326111,1.195316,0.8939744,12.27494,0.2791592,37.49449,26.00011,ACCELERATE
-1,-1,8.363958,1.201697,0.835371,12.14676,0.2791611,38.9889,26.10081,ACCELERATE
-1,9.918955,8.320903,1.403114,0.8944703,12.00843,0.2791603,40.5687,26.20727,ACCELERATE
-1,9.326567,8.19604,1.92871,1.079909,11.87914,0.2791607,42.02592,26.30549,ACCELERATE
-1,8.684164,7.990846,3.054106,1.403697,11.74472,0.2791599,43.52797,26.40673,ACCELERATE
-1,8.036169,7.723163,-1,1.847511,11.61721,0.2791606,44.94457,26.50222,ACCELERATE
-1,7.238495,7.313013,-1,2.557356,11.47646,0.27916,46.5021,26.60721,ACCELERATE
9.671049,6.469193,6.842067,-1,3.434948,11.34841,0.2791602,47.91524,26.70247,ACCELERATE
8.14562,5.592254,6.227793,-1,4.701516,11.20998,0.2791598,49.44003,26.80525,ACCELERATE
6.702022,4.707614,5.513886,-1,6.364264,11.0781,0.2791606,50.87854,26.90223,LEFT_ACCELERATE
5.483249,3.819126,4.583623,-1,8.101629,10.89143,0.2791626,52.33812,27.00109,LEFT_ACCELERATE
4.460983,2.948443,3.479137,-1,9.132166,10.53113,0.2791825,53.83845,27.10493,LEFT_ACCELERATE
3.753321,2.236471,2.49822,-1,9.212139,9.961492,0.2792071,55.20539,27.20473,LEFT_ACCELERATE
3.336946,1.71715,1.781661,-1,8.960529,9.183212,0.2792159,56.39211,27.30045,LEFT_ACCELERATE
3.178867,1.346716,1.282484,-1,8.718416,8.123039,0.2792188,57.47924,27.40303,LEFT_ACCELERATE
3.52329,1.182248,1.020772,-1,8.502235,6.912074,0.2792193,58.31828,27.50269,LEFT_ACCELERATE
4.866005,1.224083,0.9666105,-1,8.299018,5.591419,0.2792206,58.90828,27.60064,LEFT_ACCELERATE
7.849963,1.552639,1.109555,-1,8.088052,4.069997,0.2792091,59.27529,27.70668,LEFT_ACCELERATE
-1,1.975238,1.346885,-1,7.878476,2.685148,0.2791922,59.41864,27.80073,LEFT_ACCELERATE
-1,2.384295,1.620605,-1,7.605399,1.164855,0.2791747,59.48059,27.90297,LEFT_ACCELERATE
-1,2.51104,1.792684,-1,7.411649,-0.2788498,0.2791652,59.54709,28.00004,ACCELERATE
-1,2.46763,1.85515,-1,7.354646,-1.779836,0.279162,59.65423,28.10108,ACCELERATE
-1,2.329271,1.808949,-1,7.424202,-3.282698,0.2791599,59.78562,28.20237,ACCELERATE
-1,2.150356,1.695772,-1,7.565142,-4.737953,0.279161,59.92716,28.30054,ACCELERATE
-1,1.94218,1.531841,-1,7.72926,-6.306902,0.2791599,60.08985,28.40643,ACCELERATE
-1,1.75823,1.379348,-1,7.875635,-7.73273,0.2791597,60.23897,28.50268,LEFT_ACCELERATE
-1,1.726885,1.280183,-1,7.930623,-9.296568,0.2791634,60.32161,28.60793,LEFT_ACCELERATE
-1,1.874465,1.314293,-1,7.886039,-10.71656,0.2791656,60.28102,28.70337,LEFT_ACCELERATE
-1,1.987128,1.382472,-1,7.818727,-12.25358,0.2791624,60.21376,28.80667,ACCELERATE
-1,2.057697,1.431807,-1,7.769369,-13.67994,0.2791598,60.16495,28.90248,ACCELERATE
-1,2.116584,1.473037,-1,7.728114,-15.1336,0.2791608,60.12426,29.00012,ACCELERATE
-1,2.16974,1.510198,-1,7.690936,-16.6777,0.2791592,60.08759,29.10381,ACCELERATE
-1,2.214239,1.541267,-1,7.659857,-18.1586,0.2791598,60.05654,29.20325,ACCELERATE
-1,2.256979,1.571074,-1,7.630045,-19.70898,0.2791596,60.02689,29.30736,ACCELERATE
-1,2.29398,1.59686,-1,7.604255,-21.13821,0.2791603,60.00128,29.40332,ACCELERATE
-1,2.324994,1.623524,-1,7.57759,-22.68514,0.2791594,59.97478,29.50719,ACCELERATE
9.967507,2.294273,1.646509,-1,7.553209,-24.14856,0.2791657,59.95048,29.60736,NONE
8.658312,2.191898,1.638123,-1,7.570242,-25.4554,0.2791722,59.92921,29.70243,NONE
7.305646,2.015289,1.568528,-1,7.667917,-26.79252,0.2791768,59.90776,29.80626,NONE
6.137049,1.812928,1.460485,-1,7.834438,-27.95361,0.2791805,59.88935,29.90272,NONE
-1,6.521043,4.61109,6.489725,4.588912,15.98893,0.2756149,3.105009,0.3733333,ACCELERATE
-1,6.52091,4.611073,6.489856,4.588929,15.98893,0.2757254,3.105008,0.4512281,ACCELERATE
-1,6.520905,4.611069,6.489861,4.588933,15.98893,0.2757374,3.105008,0.4790407,ACCELERATE
-1,6.520904,4.611068,6.489863,4.588933,15.98894,0.2757427,3.105008,0.5058712,ACCELERATE
-1,6.5209,4.611065,6.489867,4.588936,15.98893,0.275744,3.105008,0.5160298,ACCELERATE
-1,6.520895,4.611062,6.489872,4.588939,15.98894,0.2757452,3.105008,0.6463431,ACCELERATE
-1,6.520889,4.611057,6.489878,4.588944,15.98894,0.2757442,3.10501,0.7049299,ACCELERATE
-1,6.520883,4.611053,6.489885,4.588949,15.98895,0.2757451,3.105027,0.8043227,ACCELERATE
-1,6.520876,4.611048,6.489892,4.588953,15.98895,0.2757443,3.105044,0.901516,ACCELERATE
-1,6.520869,4.611043,6.489898,4.588958,15.98896,0.2757445,3.105061,1.007328,ACCELERATE
-1,6.520868,4.611042,6.489899,4.588959,15.98896,0.2757445,3.105079,1.107405,ACCELERATE
-1,6.520868,4.611042,6.489899,4.588959,15.98896,0.2757441,3.105092,1.206427,ACCELERATE
-1,6.520868,4.611042,6.489899,4.588959,15.98896,0.2757443,3.105107,1.303132,ACCELERATE
-1,6.520868,4.611042,6.489899,4.588959,15.98896,0.2757443,3.105124,1.402543,ACCELERATE
-1,6.520868,4.611042,6.489899,4.588959,15.98896,0.2757442,3.105142,1.50385,ACCELERATE
-1,6.520868,4.611042,6.489899,4.588959,15.98896,0.2757437,3.105153,1.602085,ACCELERATE
-1,6.520868,4.611042,6.489899,4.588959,15.98896,0.275744,3.10517,1.704124,ACCELERATE
-1,6.520868,4.611042,6.489899,4.588959,15.98896,0.2757438,3.105184,1.801822,ACCELERATE
-1,6.520868,4.611042,6.489899,4.588959,15.98896,0.2757442,3.105198,1.900402,ACCELERATE
-1,6.520868,4.611042,6.489899,4.588959,15.98896,0.2757441,3.105215,2.005446,ACCELERATE
-1,6.520868,4.611042,6.489899,4.588959,15.98896,0.2757444,3.105232,2.10618,ACCELERATE
-1,6.520868,4.611042,6.489899,4.588959,15.98896,0.2757438,3.105245,2.206128,ACCELERATE
-1,6.520868,4.611042,6.489899,4.588959,15.98896,0.2757443,3.105263,2.30445,ACCELERATE
-1,6.520868,4.611042,6.489899,4.588959,15.98896,0.2757437,3.105273,2.40394,ACCELERATE
-1,6.520868,4.611042,6.489899,4.588959,15.98896,0.275744,3.105288,2.503148,ACCELERATE
-1,6.520868,4.611042,6.489899,4.588959,15.98896,0.2757439,3.105302,2.600708,ACCELERATE
-1,6.520868,4.611042,6.489899,4.588959,15.98896,0.2757435,3.105314,2.70006,ACCELERATE
-1,6.520868,4.611042,6.489899,4.588959,15.98896,0.2757443,3.105331,2.800028,ACCELERATE
-1,6.520868,4.611042,6.489899,4.588959,15.98896,0.2757444,3.10535,2.905535,ACCELERATE
-1,6.520868,4.611042,6.489899,4.588959,15.98896,0.275744,3.105362,3.003672,ACCELERATE
-1,6.520886,4.61104,6.489881,4.588961,15.98896,0.2757263,3.145712,3.103242,ACCELERATE
-1,6.520946,4.611031,6.489822,4.588971,15.98897,0.2757056,3.330506,3.204021,ACCELERATE
-1,6.521015,4.611023,6.489754,4.588978,15.98898,0.275698,3.647885,3.302317,ACCELERATE
-1,6.521173,4.611027,6.489594,4.588974,15.98897,0.2866544,4.091466,3.401081,ACCELERATE
-1,6.521396,4.611063,6.489375,4.588938,15.98894,0.2775905,4.653045,3.500134,ACCELERATE
-1,6.521528,4.611126,6.489241,4.588875,15.98887,0.2803529,5.339236,3.600097,ACCELERATE
-1,6.52167,4.611196,6.489099,4.588806,15.9888,0.2789522,6.178062,3.705157,ACCELERATE
-1,6.521877,4.611266,6.488894,4.588735,15.98873,0.2793575,7.056002,3.803002,ACCELERATE
-1,6.522065,4.611343,6.488706,4.588658,15.98865,0.2790426,8.011435,3.9001,ACCELERATE
-1,6.522317,4.611444,6.488455,4.588557,15.98855,0.2791987,9.129769,4.005187,ACCELERATE
-1,6.522573,4.611557,6.4882,4.588444,15.98843,0.2791381,10.23881,4.102872,ACCELERATE
-1,6.522865,4.611691,6.487908,4.588311,15.9883,0.2791789,11.40865,4.200678,ACCELERATE
-1,6.523195,4.61185,6.487579,4.588151,15.98814,0.2791522,12.65077,4.300021,ACCELERATE
-1,6.523576,4.612041,6.487198,4.587961,15.98794,0.2791637,14.00063,4.403911,ACCELERATE
-1,6.523962,4.612241,6.486813,4.58776,15.98774,0.2791583,15.29361,4.500323,ACCELERATE
-1,6.52443,4.61249,6.486346,4.587512,15.98749,0.2791599,16.75592,4.606429,ACCELERATE
-1,6.524892,4.612742,6.485884,4.587259,15.98724,0.2791588,18.10844,4.702365,ACCELERATE
-1,6.52542,4.613037,6.485358,4.586966,15.98694,0.2791583,19.5786,4.804681,ACCELERATE
-1,6.525955,4.61334,6.484824,4.586662,15.98663,0.2791587,20.99068,4.901388,ACCELERATE
-1,6.52657,4.613694,6.48421,4.586308,15.98628,0.279157,22.5073,5.00384,ACCELERATE
-1,6.527189,4.614056,6.483591,4.585946,15.98592,0.27916,23.96042,5.101404,ACCELERATE
-1,6.527875,4.614462,6.482908,4.58554,15.98551,0.2791602,25.49271,5.204276,ACCELERATE
-1,6.52855,4.614866,6.482234,4.585135,15.9851,0.2791598,26.94506,5.301778,ACCELERATE
-1,6.529303,4.615322,6.481483,4.584681,15.98465,0.27916,28.46973,5.404138,ACCELERATE
-1,6.530046,4.615775,6.480741,4.584228,15.98419,0.2791601,29.91273,5.501013,ACCELERATE
-1,6.530893,4.616293,6.479896,4.583709,15.98367,0.27916,31.48958,5.606875,ACCELERATE
-1,6.519054,4.616786,6.491055,4.583216,15.98318,0.27916,32.91985,5.702897,ACCELERATE
-1,6.440381,4.617339,6.617284,4.582664,15.98262,0.27916,34.44267,5.80513,ACCELERATE
-1,6.285626,4.617873,6.940558,4.582129,15.98209,0.2791601,35.86398,5.90055,ACCELERATE
-1,6.033632,4.612162,7.66643,4.587786,15.98148,0.2791602,37.39865,6.00358,ACCELERATE
-1,5.707504,4.559488,9.278264,4.656917,15.98086,0.27916,38.91286,6.105236,ACCELERATE
-1,5.332923,4.441341,-1,4.834447,15.98026,0.2791599,40.33387,6.200635,ACCELERATE
-1,4.864013,4.237112,-1,5.14763,15.97958,0.2791599,41.85105,6.302491,ACCELERATE
8.898156,4.33227,3.951016,-1,5.608927,15.97875,0.27916,43.39278,6.405994,LEFT_ACCELERATE
7.687036,3.802172,3.558166,-1,6.152259,15.94917,0.2791607,44.88192,6.506026,LEFT_ACCELERATE
7.199888,3.433746,3.173297,-1,6.502601,15.80548,0.2791744,46.27341,6.600103,LEFT_ACCELERATE
7.343688,3.209115,2.836728,-1,6.661388,15.45139,0.2791967,47.71994,6.700402,LEFT_ACCELERATE
8.350366,3.243782,2.668846,-1,6.628885,14.84521,0.2792153,49.07046,6.800223,LEFT_ACCELERATE
-1,3.540519,2.695308,-1,6.502526,13.97493,0.2792147,50.29842,6.901834,LEFT_ACCELERATE
-1,3.983235,2.890814,-1,6.320103,12.9171,0.2791996,51.35742,7.002802,LEFT_ACCELERATE
-1,4.346887,3.134768,-1,6.079309,11.74912,0.2791829,52.29919,7.103685,LEFT_ACCELERATE
-1,4.405198,3.312035,-1,5.88849,10.57257,0.2791696,53.19167,7.202859,ACCELERATE
-1,4.201882,3.344201,-1,5.877828,9.389885,0.2791626,54.12794,7.304152,LEFT_ACCELERATE
9.732019,3.951925,3.262358,-1,6.018847,8.191314,0.2791595,55.0736,7.406676,LEFT_ACCELERATE
9.838288,3.86049,3.166858,-1,6.108198,7.030051,0.279171,55.85714,7.500875,LEFT_ACCELERATE
-1,4.010326,3.133564,-1,6.080472,5.707787,0.2791967,56.5122,7.600247,LEFT_ACCELERATE
-1,4.487838,3.266379,9.944561,5.934246,4.265263,0.2792043,56.93406,7.70155,LEFT_ACCELERATE
-1,5.057709,3.540648,8.447151,5.703503,2.767059,0.2791911,57.13978,7.803343,LEFT_ACCELERATE
-1,5.436784,3.813022,7.87026,5.427721,1.276956,0.2791754,57.22882,7.903627,LEFT_ACCELERATE
-1,5.45246,3.992325,7.909311,5.21107,-0.2132559,0.2791665,57.31475,8.003868,ACCELERATE
-1,5.322829,4.058293,8.102281,5.139963,-1.696781,0.2791619,57.43252,8.103792,ACCELERATE
-1,5.148156,4.028342,8.325346,5.20804,-3.168532,0.279161,57.56954,8.203032,ACCELERATE
-1,4.955585,3.916605,8.570563,5.346932,-4.662931,0.2791603,57.72166,8.303881,ACCELERATE
-1,4.775442,3.754251,8.762103,5.503089,-6.170039,0.2791598,57.87864,8.405613,LEFT_ACCELERATE
-1,4.891401,3.642855,8.320371,5.570209,-7.675411,0.2791643,57.96252,8.506941,LEFT_ACCELERATE
-1,5.561597,3.718089,7.369875,5.495601,-9.149591,0.2791816,57.87329,8.606332,LEFT_ACCELERATE
-1,6.552089,3.98825,6.580178,5.300428,-10.55604,0.2791772,57.62753,8.702336,LEFT_ACCELERATE
-1,7.381537,4.334645,6.042081,4.996713,-12.05191,0.2791678,57.30316,8.805119,ACCELERATE
-1,7.882315,4.62906,5.686283,4.702229,-13.45952,0.2791622,57.01574,8.90158,ACCELERATE
-1,8.383914,4.925663,5.328518,4.405085,-14.98257,0.2791613,56.72401,9.005694,ACCELERATE
-1,8.826232,5.186795,5.013126,4.143632,-16.38579,0.2791607,56.46635,9.101477,ACCELERATE
-1,9.243092,5.460887,4.681794,3.86933,-17.89176,0.2791603,56.19746,9.20418,ACCELERATE
-1,9.470208,5.711346,4.378879,3.618752,-19.30269,0.2791603,55.95021,9.300346,ACCELERATE
-1,9.574749,5.978211,4.056033,3.351812,-20.82226,0.2791607,55.68728,9.403878,ACCELERATE
-1,9.553693,6.240981,3.748203,3.089004,-22.33326,0.2791605,55.42809,9.5068,ACCELERATE
-1,9.431457,6.46981,3.525117,2.845154,-23.74109,0.2791607,55.18793,9.602678,ACCELERATE
-1,9.201952,6.658189,3.418361,2.597857,-25.26594,0.2791602,54.9288,9.706517,ACCELERATE
-1,8.890781,6.763287,3.48059,2.450981,-26.72957,0.2791602,54.68069,9.806181,ACCELERATE
-1,8.518292,6.789471,3.763595,2.412516,-28.12605,0.2791599,54.44434,9.901266,ACCELERATE
-1,8.040315,6.727653,4.490732,2.498714,-29.63778,0.2791601,54.18877,10.0042,ACCELERATE
-1,7.528325,6.591488,6.194953,2.713313,-31.04564,0.2791607,53.95093,10.10005,ACCELERATE
-1,6.906298,6.353034,-1,3.107191,-32.56982,0.2791601,53.69355,10.20383,ACCELERATE
-1,6.229491,6.023391,-1,3.691432,-34.06805,0.2791601,53.44062,10.30583,ACCELERATE
9.046494,5.535989,5.604921,-1,4.449075,-35.47428,0.2791607,53.20326,10.40158,ACCELERATE
7.704545,4.777589,5.012323,-1,5.437542,-36.99303,0.2791606,52.92129,10.50532,LEFT_ACCELERATE
6.92636,4.166007,4.361179,-1,6.157867,-38.35902,0.2791728,52.55013,10.60051,LEFT_ACCELERATE
6.52501,3.630172,3.670896,-1,6.592459,-39.76705,0.2791977,51.94796,10.70366,LEFT_ACCELERATE
6.733303,3.326934,3.151789,-1,6.673729,-40.99772,0.2792149,51.12852,10.80337,LEFT_ACCELERATE
7.45859,3.226948,2.844344,-1,6.644095,-42.02593,0.2792185,50.11477,10.90085,LEFT_ACCELERATE
8.808871,3.32604,2.726934,-1,6.555449,-42.90077,0.2792098,48.85113,11.0047,LEFT_ACCELERATE
9.887963,3.492012,2.758073,-1,6.475052,-43.54141,0.2791926,47.56961,11.10128,LEFT_ACCELERATE
-1,3.53582,2.799622,-1,6.430202,-44.11557,0.2791775,46.17554,11.20257,LEFT_ACCELERATE
8.995131,3.337253,2.761269,-1,6.541719,-44.69906,0.2791662,44.75565,11.30567,ACCELERATE
7.717504,3.01186,2.606368,-1,6.819782,-45.28258,0.2791619,43.41962,11.40356,LEFT_ACCELERATE
7.144739,2.71585,2.36632,-1,7.096148,-45.82923,0.2791604,42.07513,11.50106,LEFT_ACCELERATE
8.121192,2.570181,2.146228,-1,7.204501,-46.25528,0.279181,40.60769,11.60388,LEFT_ACCELERATE
-1,2.685396,2.086268,-1,7.144588,-46.4376,0.2792065,39.17944,11.7009,LEFT_ACCELERATE
-1,3.271245,2.230678,9.549502,6.983318,-46.34457,0.2792162,37.67786,11.80242,LEFT_ACCELERATE
-1,4.709855,2.655051,7.915704,6.740474,-45.96432,0.2792066,36.18112,11.90667,LEFT_ACCELERATE
-1,6.84157,3.282835,6.828997,6.380857,-45.42971,0.2791906,34.85097,12.00319,LEFT_ACCELERATE
-1,9.226152,4.008769,5.972781,5.85161,-44.81204,0.2791736,33.54768,12.10007,LEFT_ACCELERATE
-1,-1,4.729716,5.233568,5.16247,-44.15717,0.2791658,32.14543,12.20401,ACCELERATE
-1,-1,5.350969,4.603646,4.539103,-43.57964,0.2791621,30.83205,12.30035,ACCELERATE
9.883839,-1,5.995073,3.950056,3.893347,-42.98105,0.2791605,29.41687,12.40351,ACCELERATE
8.376264,-1,6.590241,3.345916,3.297243,-42.42701,0.2791611,28.07392,12.50104,ACCELERATE
6.841297,-1,7.209528,2.711176,2.663451,-41.84402,0.2791613,26.62944,12.60563,RIGHT_ACCELERATE
6.270083,-1,7.603924,2.222857,2.097636,-41.35796,0.2791672,25.24692,12.70411,RIGHT_ACCELERATE
7.421797,-1,7.744602,1.94823,1.691593,-41.03004,0.2791879,23.84364,12.80108,RIGHT_ACCELERATE
-1,-1,7.696684,2.018284,1.524967,-40.9241,0.2792111,22.30151,12.90527,RIGHT_ACCELERATE
-1,9.995878,7.565326,2.521274,1.657407,-41.06992,0.2792016,20.89252,13.00069,RIGHT_ACCELERATE
-1,8.826616,7.3237,3.445166,2.013645,-41.41134,0.2791858,19.39609,13.10392,RIGHT_ACCELERATE
-1,8.114608,6.963263,4.395491,2.444327,-41.81799,0.2791687,17.92705,13.20629,ACCELERATE
-1,7.680247,6.589899,5.065794,2.817499,-42.18163,0.2791613,16.53371,13.30299,ACCELERATE
-1,7.273224,6.238177,5.692982,3.168274,-42.52472,0.2791604,15.12595,13.40027,ACCELERATE
-1,6.853305,5.87631,6.339126,3.529446,-42.87627,0.2791599,13.61408,13.50448,ACCELERATE
-1,6.452642,5.531767,6.955245,3.873558,-43.21212,0.2791598,12.12366,13.60705,ACCELERATE
-1,6.095685,5.225182,7.504013,4.179883,-43.51146,0.2791605,10.76897,13.70019,ACCELERATE
-1,5.714767,4.898254,8.089545,4.506613,-43.83055,0.2791597,9.305691,13.80074,ACCELERATE
-1,5.337603,4.574707,8.669283,4.83002,-44.14671,0.2791592,7.842405,13.90124,ACCELERATE
-1,4.962069,4.252659,9.246504,5.151963,-44.4615,0.2791603,6.376439,14.0019,ACCELERATE
-1,4.586361,3.930532,9.823983,5.474011,-44.77662,0.2791594,4.902769,14.10307,ACCELERATE
-1,4.216707,3.613637,-1,5.790842,-45.08692,0.27916,3.447554,14.20296,ACCELERATE
-1,3.844267,3.294387,-1,6.110038,-45.39877,0.2791602,1.98217,14.30354,ACCELERATE
-1,3.472508,2.975743,-1,6.428634,-45.71127,0.2791596,0.5118622,14.40446,ACCELERATE
-1,3.100306,2.656737,-1,6.747597,-46.02281,0.2791595,-0.9553689,14.50515,ACCELERATE
-1,2.729626,2.339053,-1,7.065242,-46.33323,0.2791593,-2.418221,14.60555,ACCELERATE
9.637381,2.382529,2.041592,-1,7.36267,-46.62567,0.2791617,-3.796969,14.70017,ACCELERATE
8.13372,2.005126,1.717168,-1,7.685717,-46.94053,0.2791591,-5.284437,14.80224,LEFT_ACCELERATE
8.236042,1.718566,1.425546,-1,7.911367,-47.21016,0.2791611,-6.760246,14.90302,LEFT_ACCELERATE
-1,1.668384,1.272245,-1,7.956084,-47.33378,0.2791777,-8.250006,15.00359,LEFT_ACCELERATE
-1,2.048063,1.356721,-1,7.86162,-47.22966,0.2791964,-9.770067,15.10624,LEFT_ACCELERATE
-1,2.922366,1.690219,9.165661,7.661025,-46.90926,0.279187,-11.22976,15.20683,LEFT_ACCELERATE
-1,3.966957,2.122971,8.355879,7.345234,-46.50567,0.2791752,-12.56479,15.30052,LEFT_ACCELERATE
-1,4.906497,2.587427,7.786306,6.905413,-46.06078,0.2791653,-14.00496,15.40174,ACCELERATE
-1,5.721878,3.019155,7.3009,6.472703,-45.64469,0.2791619,-15.44606,15.50245,ACCELERATE
-1,6.509585,3.436409,6.831249,6.054628,-45.2405,0.2791607,-16.91105,15.60448,ACCELERATE
-1,7.204398,3.840825,6.37548,5.649719,-44.85072,0.2791603,-18.3662,15.70562,ACCELERATE
-1,7.654877,4.229974,5.936602,5.260279,-44.47388,0.2791602,-19.80028,15.80517,ACCELERATE
-1,7.935766,4.619339,5.522758,4.870736,-44.09467,0.2791598,-21.26174,15.90653,ACCELERATE
-1,8.052581,4.987528,5.207443,4.485789,-43.72232,0.2791603,-22.70894,16.00686,ACCELERATE
-1,8.039807,5.272082,5.006238,4.128904,-43.3772,0.2791599,-24.05766,16.10032,ACCELERATE
-1,7.916147,5.501895,4.943312,3.802196,-43.00714,0.2791603,-25.50917,16.20088,ACCELERATE
-1,7.690568,5.647045,5.079727,3.586434,-42.63636,0.27916,-26.96726,16.30189,ACCELERATE
-1,7.372181,5.704098,5.548865,3.49334,-42.26513,0.2791601,-28.42958,16.40318,ACCELERATE
-1,6.973491,5.676726,6.663231,3.533864,-41.89679,0.2791601,-29.88214,16.50378,ACCELERATE
-1,6.490336,5.560735,-1,3.72568,-41.52508,0.27916,-31.34907,16.60537,ACCELERATE
-1,5.938114,5.351984,-1,4.084023,-41.1554,0.2791603,-32.80869,16.70646,ACCELERATE
9.629893,5.339672,5.045377,-1,4.612115,-40.79692,0.2791598,-34.2245,16.80451,ACCELERATE
8.134018,4.663329,4.629957,-1,5.371825,-40.4287,0.2791599,-35.67902,16.90524,ACCELERATE
6.894138,4.003688,4.119587,-1,6.24505,-40.0596,0.2791598,-37.0531,17.00078,LEFT_ACCELERATE
6.021849,3.374959,3.453099,-1,6.961748,-39.53845,0.2791727,-38.51077,17.10489,LEFT_ACCELERATE
5.659055,2.905292,2.860553,-1,7.274755,-38.84961,0.2791968,-39.82097,17.20459,LEFT_ACCELERATE
5.910547,2.638517,2.429313,-1,7.28473,-37.94085,0.2792139,-40.9822,17.30403,LEFT_ACCELERATE
6.826512,2.585901,2.192494,-1,7.196822,-36.8037,0.2792168,-41.96379,17.40546,LEFT_ACCELERATE
8.077296,2.695889,2.149525,-1,7.106396,-35.52455,0.2792027,-42.72868,17.50604,LEFT_ACCELERATE
8.866543,2.81359,2.190575,-1,7.033017,-34.24969,0.2791868,-43.30541,17.60018,LEFT_ACCELERATE
8.567504,2.788682,2.219945,-1,7.029318,-32.85939,0.2791705,-43.86337,17.70079,LEFT_ACCELERATE
7.295431,2.556022,2.135146,-1,7.211164,-31.49035,0.279164,-44.43865,17.80052,ACCELERATE
6.19059,2.242063,1.929785,-1,7.513508,-30.10762,0.279159,-45.03204,17.90156,LEFT_ACCELERATE
6.043005,2.021407,1.709481,-1,7.691875,-28.70265,0.2791665,-45.5302,18.00177,LEFT_ACCELERATE
7.988461,1.985871,1.582892,-1,7.686157,-27.21917,0.2791935,-45.84266,18.10386,LEFT_ACCELERATE
-1,2.238329,1.632033,-1,7.565989,-25.71528,0.2792003,-45.89894,18.20527,LEFT_ACCELERATE
-1,2.698111,1.822453,-1,7.392827,-24.25156,0.2791878,-45.75714,18.30422,LEFT_ACCELERATE
-1,3.229243,2.069947,9.273265,7.170204,-22.77057,0.2791743,-45.52232,18.40493,LEFT_ACCELERATE
-1,3.597947,2.297349,8.954402,6.945899,-21.28526,0.2791649,-45.2991,18.5058,ACCELERATE
-1,3.890574,2.485506,8.715058,6.757308,-19.8581,0.2791622,-45.11284,18.60243,ACCELERATE
-1,4.168853,2.664312,8.486725,6.578181,-18.36625,0.2791613,-44.9364,18.70329,ACCELERATE
-1,4.433216,2.833928,8.269246,6.40837,-16.83518,0.2791611,-44.7675,18.80671,ACCELERATE
-1,4.663539,2.98155,8.079487,6.260642,-15.44377,0.2791598,-44.62086,18.90064,ACCELERATE
-1,4.911236,3.140196,7.875243,6.101924,-13.90307,0.2791603,-44.46349,19.00461,ACCELERATE
-1,5.149659,3.292805,7.678546,5.94927,-12.38423,0.2791602,-44.31171,19.10708,ACCELERATE
-1,5.368098,3.432571,7.49829,5.809483,-10.97426,0.2791607,-44.17278,19.2022,ACCELERATE
-1,5.599591,3.580651,7.307238,5.66139,-9.462732,0.2791601,-44.02526,19.30416,ACCELERATE
-1,5.815971,3.728295,7.130437,5.513745,-7.954884,0.2791601,-43.87907,19.40587,ACCELERATE
-1,5.936727,3.865042,7.044154,5.377003,-6.538402,0.2791602,-43.74232,19.50141,ACCELERATE
-1,5.951458,4.012955,7.119478,5.229099,-5.010111,0.27916,-43.5952,19.60448,ACCELERATE
-1,5.865449,4.135475,7.401613,5.09112,-3.58102,0.2791605,-43.45788,19.70087,ACCELERATE
-1,5.678036,4.209249,8.095932,4.992873,-2.055095,0.2791597,-43.31144,19.80378,ACCELERATE
-1,5.401168,4.205594,9.753146,5.001886,-0.5349276,0.27916,-43.16566,19.90631,ACCELERATE
-1,5.073204,4.130471,-1,5.117195,0.8569347,0.2791595,-43.03226,20.00018,ACCELERATE
-1,4.639157,3.956334,-1,5.38073,2.374258,0.27916,-42.88686,20.10251,ACCELERATE
8.713676,4.128847,3.691461,-1,5.804926,3.903863,0.2791601,-42.73998,20.20567,LEFT_ACCELERATE
7.683009,3.665464,3.354448,-1,6.26389,5.363297,0.2791611,-42.56013,20.30444,LEFT_ACCELERATE
7.320352,3.332636,3.001765,-1,6.563709,6.803368,0.2791774,-42.24092,20.40367,LEFT_ACCELERATE
7.71252,3.201465,2.742262,-1,6.653809,8.213723,0.2792028,-41.69729,20.50551,LEFT_ACCELERATE
8.958427,3.322034,2.650085,-1,6.590021,9.416604,0.2792149,-40.95763,20.60074,LEFT_ACCELERATE
-1,3.745717,2.762641,-1,6.434227,10.54873,0.2792176,-39.91358,20.70477,LEFT_ACCELERATE
-1,4.312504,3.025615,-1,6.222449,11.41936,0.2792026,-38.77884,20.80131,LEFT_ACCELERATE
-1,4.861061,3.365882,9.023132,5.905307,12.20531,0.2791857,-37.46058,20.90458,LEFT_ACCELERATE
-1,5.06393,3.625981,9.032422,5.606126,12.88295,0.2791704,-36.20829,21.00021,LEFT_ACCELERATE
-1,4.947871,3.767228,-1,5.432162,13.63487,0.2791641,-34.8744,21.10303,ACCELERATE
-1,4.67182,3.762443,-1,5.468972,14.40644,0.279162,-33.56836,21.20488,ACCELERATE
-1,4.317436,3.651498,-1,5.672675,15.15424,0.2791603,-32.33678,21.30162,ACCELERATE
8.678065,3.851656,3.425655,-1,6.064349,15.96008,0.2791603,-31.03241,21.40455,ACCELERATE
7.274618,3.353993,3.115802,-1,6.580529,16.7149,0.2791589,-29.82394,21.50021,ACCELERATE
6.003617,2.789134,2.658444,-1,7.205722,17.52233,0.2791603,-28.49401,21.60469,LEFT_ACCELERATE
5.539679,2.372943,2.222235,-1,7.555729,18.1645,0.279171,-27.21334,21.70104,LEFT_ACCELERATE
6.086675,2.10711,1.857817,-1,7.662504,18.64949,0.2791969,-25.7799,21.80296,LEFT_ACCELERATE
-1,2.132333,1.698053,-1,7.569701,18.86262,0.2792145,-24.27575,21.90542,LEFT_ACCELERATE
-1,2.568419,1.795889,-1,7.420861,18.79086,0.2792124,-22.82675,22.00335,LEFT_ACCELERATE
-1,3.513441,2.116005,8.848535,7.184599,18.47819,0.2791947,-21.31946,22.10709,LEFT_ACCELERATE
-1,4.697942,2.572407,7.914344,6.858989,18.05879,0.2791788,-19.92839,22.20472,LEFT_ACCELERATE
-1,5.722143,3.055479,7.289497,6.416499,17.60189,0.2791676,-18.47722,22.30689,ACCELERATE
-1,6.474539,3.459411,6.832025,6.011522,17.21098,0.2791633,-17.13188,22.40097,ACCELERATE
-1,7.252695,3.877687,6.357904,5.59215,16.80497,0.2791612,-15.64759,22.50429,ACCELERATE
-1,7.962584,4.258818,5.925202,5.210385,16.43375,0.2791608,-14.23518,22.60233,ACCELERATE
-1,8.656924,4.631239,5.502007,4.837575,16.07138,0.2791604,-12.82071,22.70037,ACCELERATE
-1,9.386266,5.022152,5.057569,4.446413,15.69462,0.2791604,-11.32416,22.80397,ACCELERATE
-1,-1,5.38593,4.643862,4.082497,15.34055,0.2791606,-9.901467,22.9024,ACCELERATE
-1,-1,5.762904,4.215081,3.705441,14.97488,0.2791603,-8.420943,23.00478,ACCELERATE
-1,-1,6.113211,3.816602,3.355096,14.63608,0.2791599,-7.042297,23.10009,ACCELERATE
-1,-1,6.48452,3.394217,2.983771,14.27448,0.2791602,-5.565909,23.20214,ACCELERATE
-1,-1,6.858392,2.968914,2.6099,13.9111,0.2791595,-4.078832,23.30491,ACCELERATE
9.290158,-1,7.208869,2.570228,2.259437,13.57001,0.2791595,-2.680835,23.40152,ACCELERATE
7.820896,-1,7.581527,2.144324,1.880928,13.20473,0.27916,-1.17336,23.50565,RIGHT_ACCELERATE
8.312453,-1,7.802266,1.855674,1.558115,12.91652,0.2791663,0.2882776,23.60576,RIGHT_ACCELERATE
-1,-1,7.841625,1.808793,1.398593,12.78821,0.2791786,1.71193,23.70192,RIGHT_ACCELERATE
-1,-1,7.819295,1.900144,1.385103,12.78607,0.2791706,3.281534,23.80737,RIGHT_ACCELERATE
-1,-1,7.803308,1.931084,1.399556,12.7995,0.2791623,4.717077,23.90376,ACCELERATE
-1,-1,7.80626,1.926576,1.39667,12.79533,0.2791597,6.235942,24.00574,ACCELERATE
-1,-1,7.821908,1.904605,1.381079,12.77898,0.2791595,7.748857,24.10732,ACCELERATE
-1,-1,7.843834,1.874136,1.359191,12.75671,0.2791593,9.155943,24.20179,ACCELERATE
-1,-1,7.873454,1.833123,1.329598,12.72667,0.2791591,10.72071,24.30686,ACCELERATE
-1,-1,7.903621,1.791426,1.299449,12.69646,0.2791598,12.13124,24.40158,ACCELERATE
-1,-1,7.938565,1.743172,1.264519,12.66146,0.2791594,13.65921,24.50418,ACCELERATE
-1,-1,7.975166,1.692658,1.227929,12.62381,0.2791597,15.23224,24.60982,ACCELERATE
-1,-1,8.01189,1.64199,1.191213,12.58815,0.2791596,16.68077,24.70709,ACCELERATE
-1,-1,8.047458,1.592931,1.155653,12.55264,0.2791587,18.09765,24.80225,ACCELERATE
-1,-1,8.086023,1.539743,1.117093,12.51398,0.2791595,19.62154,24.90458,ACCELERATE
-1,-1,8.124512,1.486667,1.078609,12.47566,0.2791601,21.11862,25.00513,ACCELERATE
-1,-1,8.159949,1.437803,1.043177,12.43905,0.2791589,22.54105,25.10094,NONE
-1,7.683909,5.461691,5.307324,3.73838,-19.04067,0.2791721,56.1389,9.104039,BRAKE
-1,7.627803,5.455205,5.316428,3.744865,-20.2379,0.2791964,56.14527,9.204123,BRAKE
-1,7.541838,5.450498,5.349327,3.749572,-21.16114,0.2792175,56.14983,9.304486,BRAKE
-1,7.461652,5.447561,5.413229,3.752509,-21.77188,0.2769151,56.15264,9.405593,BRAKE
-1,7.4117,5.446043,5.458793,3.754028,-22.11533,0.2749904,56.15412,9.50418,NONE
-1,7.36015,5.444597,5.523216,3.755474,-22.48252,0.275381,56.15557,9.60337,ACCELERATE
-1,7.280736,5.442735,5.626471,3.757335,-22.97624,0.2831147,56.15747,9.703514,ACCELERATE
-1,7.164425,5.440446,5.796724,3.759624,-23.58759,0.2784002,56.15978,9.803172,ACCELERATE
-1,7.018967,5.432443,6.085534,3.768246,-24.33319,0.2796061,56.1626,9.905726,ACCELERATE
-1,6.818813,5.412144,6.551065,3.796779,-25.1657,0.2790008,56.16576,10.00534,ACCELERATE
-1,6.588389,5.362026,7.330226,3.864839,-26.06227,0.2793316,56.16916,10.10191,ACCELERATE
-1,6.289208,5.273566,9.291867,3.997778,-27.1184,0.2791237,56.17316,10.20602,ACCELERATE
-1,5.946816,5.146596,-1,4.190454,-28.17537,0.2792022,56.17658,10.30295,LEFT_ACCELERATE
-1,5.669939,4.955998,-1,4.405992,-29.35061,0.2791482,56.14202,10.40465,LEFT_ACCELERATE
-1,5.609263,4.777039,-1,4.525845,-30.58002,0.2791791,55.97253,10.50726,LEFT_ACCELERATE
-1,5.569585,4.690295,-1,4.592241,-31.74452,0.2791706,55.67651,10.60305,LEFT_ACCELERATE
-1,5.312637,4.594386,-1,4.748316,-33.00365,0.2791696,55.31181,10.70393,LEFT_ACCELERATE
-1,5.010473,4.414289,-1,4.988279,-34.29158,0.2791617,54.91361,10.8045,LEFT_ACCELERATE
-1,4.882585,4.228877,-1,5.132034,-35.54176,0.279177,54.39473,10.90332,LEFT_ACCELERATE
-1,4.977922,4.117199,-1,5.139215,-36.71062,0.2792009,53.68999,11.00157,LEFT_ACCELERATE
-1,5.363907,4.17029,-1,5.028823,-37.75278,0.2792115,52.76402,11.10107,LEFT_ACCELERATE
-1,5.829644,4.374918,8.239093,4.838345,-38.66043,0.2791938,51.65255,11.20253,LEFT_ACCELERATE
-1,6.098235,4.577538,7.688099,4.624376,-39.45741,0.2791803,50.46929,11.3021,LEFT_ACCELERATE
-1,6.088418,4.732848,8.057484,4.465875,-40.27242,0.2791664,49.19003,11.40635,LEFT_ACCELERATE
-1,5.997334,4.797491,8.791584,4.408906,-41.03248,0.2791621,47.92137,11.50663,LEFT_ACCELERATE
-1,5.667988,4.757754,-1,4.514052,-41.76152,0.2791599,46.73188,11.60039,ACCELERATE
-1,5.207419,4.597728,-1,4.81135,-42.57985,0.2791612,45.43912,11.70311,ACCELERATE
9.472053,4.659087,4.304183,-1,5.295442,-43.42243,0.2791606,44.12854,11.80772,LEFT_ACCELERATE
8.833705,4.238083,3.944578,-1,5.713583,-44.13553,0.2791622,42.92049,11.90197,LEFT_ACCELERATE
9.292143,3.951557,3.571201,-1,5.970474,-44.75432,0.2791837,41.55637,12.00277,LEFT_ACCELERATE
-1,3.943011,3.322268,-1,6.014025,-45.14235,0.279207,40.13977,12.10176,LEFT_ACCELERATE
-1,4.221191,3.275883,9.544887,5.938053,-45.2742,0.2792038,38.63592,12.2035,LEFT_ACCELERATE
-1,4.748818,3.388303,8.294779,5.810347,-45.20018,0.2791874,37.09198,12.3075,LEFT_ACCELERATE
-1,5.231158,3.546963,7.689572,5.660817,-45.0425,0.2791725,35.60733,12.40778,LEFT_ACCELERATE
-1,5.448427,3.685214,7.486122,5.523501,-44.90809,0.2791655,34.21043,12.50202,ACCELERATE
-1,5.613437,3.798756,7.335385,5.409757,-44.79537,0.2791604,32.74588,12.60064,ACCELERATE
-1,5.762331,3.900994,7.19905,5.307368,-44.69584,0.2791612,31.20208,12.70451,ACCELERATE
-1,5.881849,3.982728,7.089417,5.225552,-44.61468,0.2791596,29.77163,12.8007,ACCELERATE
-1,5.999863,4.063187,6.981056,5.14504,-44.53485,0.2791603,28.22899,12.9044,ACCELERATE
-1,6.101953,4.132633,6.887261,5.075564,-44.46572,0.2791605,26.80428,13.00016,ACCELERATE
-1,6.207305,4.204183,6.790443,5.003995,-44.39439,0.27916,25.26647,13.10351,ACCELERATE
-1,6.309603,4.273576,6.696417,4.934593,-44.32472,0.2791593,23.71526,13.20776,ACCELERATE
-1,6.403241,4.337042,6.610347,4.871123,-44.26187,0.2791604,22.28635,13.30378,ACCELERATE
-1,6.387548,4.385869,6.621895,4.817995,-44.2133,0.2791602,20.8352,13.40126,RIGHT_ACCELERATE
-1,6.438148,4.424955,6.573922,4.778655,-44.17398,0.2791603,19.28039,13.50568,ACCELERATE
-1,6.492852,4.462471,6.522202,4.741144,-44.13623,0.2791603,17.83852,13.60251,ACCELERATE
-1,6.552259,4.503144,6.46605,4.70048,-44.09556,0.2791617,16.32108,13.70442,ACCELERATE
-1,6.612974,4.544737,6.408666,4.658895,-44.05404,0.2791595,14.79631,13.80682,ACCELERATE
-1,6.669769,4.583661,6.354989,4.619976,-44.01495,0.2791603,13.37596,13.90221,ACCELERATE
-1,6.731469,4.625959,6.29668,4.577683,-43.9726,0.2791601,11.84775,14.00485,ACCELERATE
-1,6.79317,4.668264,6.238374,4.535384,-43.93054,0.2791601,10.33836,14.10622,ACCELERATE
-1,6.850818,4.707795,6.1839,4.495857,-43.89096,0.2791598,8.922672,14.2013,ACCELERATE
-1,6.913522,4.750795,6.124653,4.452863,-43.84787,0.2791597,7.385368,14.30455,ACCELERATE
-1,6.973147,4.791684,6.068319,4.411978,-43.80686,0.27916,5.925405,14.4026,ACCELERATE
-1,7.037502,4.835817,6.007519,4.367849,-43.76248,0.2791601,4.347684,14.50856,ACCELERATE
-1,7.057488,4.873722,5.981984,4.328796,-43.72581,0.2791608,2.900851,14.60573,RIGHT_ACCELERATE
-1,6.813326,4.862822,6.192203,4.337584,-43.7397,0.279162,1.434909,14.70418,RIGHT_ACCELERATE
-1,6.758367,4.83173,6.247548,4.368834,-43.77068,0.2791601,-0.1021523,14.80739,ACCELERATE
-1,6.724607,4.807308,6.282083,4.39325,-43.7949,0.2791602,-1.516635,14.90237,ACCELERATE
-1,6.69265,4.784098,6.314768,4.416453,-43.81792,0.2791594,-3.045377,15.00501,ACCELERATE
-1,6.665024,4.764093,6.343013,4.436452,-43.83789,0.2791601,-4.506321,15.1031,ACCELERATE
-1,6.637827,4.744448,6.370813,4.456093,-43.85729,0.27916,-6.031601,15.20551,ACCELERATE
-1,6.613661,4.727023,6.395511,4.473514,-43.8746,0.2791599,-7.463098,15.30162,ACCELERATE
-1,6.5892,4.709408,6.420506,4.491126,-43.8921,0.27916,-8.963911,15.40238,ACCELERATE
-1,6.564753,4.69182,6.445485,4.508712,-43.90969,0.2791601,-10.51379,15.50644,ACCELERATE
-1,6.542822,4.676052,6.467889,4.524477,-43.92547,0.2791599,-11.92898,15.60146,ACCELERATE
-1,6.519178,4.65906,6.492044,4.541468,-43.9424,0.2791605,-13.4666,15.70469,ACCELERATE
-1,6.497714,4.643639,6.513969,4.556888,-43.95801,0.2791599,-14.8977,15.80077,ACCELERATE
-1,6.474466,4.62694,6.537715,4.573584,-43.97453,0.2791601,-16.42356,15.90322,ACCELERATE
-1,6.451416,4.610386,6.561259,4.590136,-43.99104,0.27916,-17.9556,16.00607,ACCELERATE
-1,6.410215,4.595217,6.614357,4.605304,-44.00631,0.2791595,-19.37948,16.10168,ACCELERATE
-1,6.391133,4.590649,6.702921,4.60947,-44.00783,0.2791597,-20.94682,16.20691,LEFT_ACCELERATE
-1,6.248,4.612733,7.054247,4.587684,-43.9859,0.2791602,-22.44397,16.30744,ACCELERATE
-1,6.01074,4.61629,7.805272,4.582245,-43.96761,0.2791601,-23.83857,16.40107,ACCELERATE
-1,5.679475,4.561557,9.687645,4.66599,-43.94965,0.2791598,-25.34263,16.50205,ACCELERATE
-1,5.282849,4.434004,-1,4.858721,-43.93338,0.279168,-26.80189,16.60275,NONE
-1,4.828187,4.255172,-1,5.162742,-43.93102,0.2791819,-28.09421,16.70038,RIGHT_BRAKE
8.064613,4.203859,4.028466,-1,5.7784,-44.01399,0.2792144,-29.22259,16.80683,RIGHT_BRAKE
6.135265,3.618489,3.865192,-1,6.858012,-44.19134,0.2792466,-29.94592,16.90673,RIGHT_BRAKE
4.745211,3.205864,3.866868,-1,8.907748,-44.38585,0.2750865,-30.30175,17.0062,RIGHT_BRAKE
4.078741,3.068249,4.136815,-1,-1,-44.47514,0.27534,-30.33204,17.1068,RIGHT_BRAKE
4.025307,3.092233,4.25927,-1,-1,-44.46882,0.2756379,-30.26011,17.20095,RIGHT_BRAKE
4.451718,3.186548,4.069749,-1,-1,-44.40051,0.2757278,-30.15768,17.30369,RIGHT_BRAKE
5.295458,3.384777,3.88166,-1,7.825481,-44.29918,0.2757496,-29.9904,17.40661,RIGHT_BRAKE
6.463389,3.671502,3.811778,-1,6.618866,-44.18795,0.2757656,-29.77029,17.50353,RIGHT_BRAKE
8.304876,4.103233,3.810679,-1,5.836143,-44.07867,0.2757785,-29.46609,17.60711,RIGHT_BRAKE
-1,4.66087,3.856845,-1,5.421142,-44.00999,0.2757887,-29.12603,17.70324,NONE
-1,5.147016,3.944414,-1,5.255356,-43.98655,0.2757817,-28.78292,17.80729,RIGHT_ACCELERATE
-1,5.20552,3.986218,-1,5.214132,-43.96889,0.27571,-28.70083,17.90681,RIGHT_ACCELERATE
-1,5.038755,3.987607,-1,5.229626,-43.94667,0.2757033,-28.82501,18.00134,LEFT_ACCELERATE
-1,5.026066,3.968184,-1,5.240626,-43.89438,0.2757005,-29.09165,18.10089,LEFT_ACCELERATE
-1,5.225754,3.984672,-1,5.213981,-43.77176,0.2756954,-29.47688,18.20027,LEFT_ACCELERATE
-1,5.722269,4.089553,7.88129,5.143911,-43.52885,0.2777995,-29.94774,18.30173,LEFT_ACCELERATE
-1,6.12981,4.246094,7.083453,5.039534,-43.20848,0.2806308,-30.49132,18.40154,LEFT_ACCELERATE
-1,6.209298,4.377274,7.047982,4.88762,-42.83464,0.2787263,-31.14505,18.50225,ACCELERATE
-1,6.105817,4.4629,7.435431,4.764584,-42.43263,0.2794479,-31.89367,18.60217,ACCELERATE
-1,5.945227,4.506338,8.220028,4.694861,-41.98744,0.2790619,-32.7433,18.70367,ACCELERATE
-1,5.7912,4.516342,9.463635,4.680727,-41.50097,0.2792195,-33.65554,18.80419,LEFT_ACCELERATE
-1,5.852504,4.544137,9.050073,4.653409,-40.90637,0.279145,-34.59064,18.90499,LEFT_ACCELERATE
-1,5.999132,4.628426,8.417896,4.569824,-40.15942,0.2791777,-35.52419,19.00806,LEFT_ACCELERATE
-1,5.859695,4.675389,-1,4.531986,-39.39465,0.27916,-36.42853,19.10532,ACCELERATE
-1,5.548161,4.635691,-1,4.625325,-38.60904,0.2791678,-37.38833,19.20313,LEFT_ACCELERATE
-1,5.230273,4.502918,-1,4.825707,-37.76348,0.279158,-38.40219,19.30368,LEFT_ACCELERATE
-1,5.093981,4.351314,-1,4.971355,-36.83019,0.2791727,-39.34858,19.40233,LEFT_ACCELERATE
-1,5.190549,4.251261,-1,4.990574,-35.72618,0.279196,-40.1851,19.50339,LEFT_ACCELERATE
-1,5.538329,4.303001,9.189835,4.896186,-34.47447,0.2791984,-40.82991,19.60484,LEFT_ACCELERATE
-1,5.891299,4.458491,7.914909,4.745705,-33.14688,0.2791897,-41.30557,19.70516,LEFT_ACCELERATE
-1,6.54305,4.702952,6.57429,4.534413,-31.75348,0.2792041,-41.59978,19.80539,LEFT_ACCELERATE
-1,7.453689,5.092069,5.485653,4.229958,-30.35792,0.2791963,-41.67496,19.90301,LEFT_ACCELERATE
-1,8.222109,5.525598,4.780698,3.833974,-28.92536,0.2791832,-41.6065,20.00218,LEFT_ACCELERATE
-1,8.64358,5.888595,4.392163,3.405205,-27.40419,0.2791679,-41.49434,20.10625,ACCELERATE
-1,8.749616,6.098155,4.2698,3.131107,-25.9545,0.2791617,-41.42033,20.20412,ACCELERATE
-1,8.816007,6.210785,4.201272,2.989427,-24.48965,0.2791612,-41.37199,20.30253,ACCELERATE
-1,8.861873,6.259583,4.153947,2.940428,-22.92832,0.2791606,-41.33855,20.40738,ACCELERATE
-1,8.889712,6.280395,4.125294,2.919613,-21.50114,0.2791605,-41.31824,20.50321,ACCELERATE
-1,8.909645,6.295209,4.104838,2.904796,-20.02377,0.2791593,-41.30394,20.6024,ACCELERATE
-1,8.923414,6.305367,4.090762,2.894638,-18.53075,0.2791605,-41.29401,20.70263,ACCELERATE
-1,8.933161,6.31252,4.080824,2.887485,-17.02897,0.2791596,-41.28706,20.80346,ACCELERATE
-1,8.940054,6.31754,4.073819,2.882465,-15.53155,0.2791608,-41.28215,20.90436,NONE
-1,8.944947,6.321049,4.068893,2.878955,-14.14797,0.2791756,-41.27875,21.00375,BRAKE
-1,9.071713,6.330719,4.006462,2.870072,-12.96115,0.2791987,-41.26739,21.10566,LEFT_BRAKE
-1,9.859098,6.416724,3.684131,2.812357,-12.08012,0.2792224,-41.19519,21.20658,LEFT_BRAKE
-1,-1,6.64924,3.224854,2.72101,-11.55041,0.2758688,-41.06122,21.30612,LEFT_BRAKE
8.236949,-1,6.990844,2.866284,2.691626,-11.3701,0.2751002,-40.95129,21.40162,LEFT_BRAKE
6.353383,-1,7.274459,2.715381,2.751641,-11.4252,0.275555,-40.92575,21.50497,LEFT_BRAKE
7.313023,-1,7.088582,2.813942,2.733499,-11.50501,0.2757104,-40.96481,21.60086,LEFT_BRAKE
-1,-1,6.752802,3.089176,2.709043,-11.65438,0.2757442,-41.04021,21.70467,LEFT_BRAKE
-1,-1,6.519899,3.491249,2.73258,-11.85809,0.2757612,-41.12413,21.80115,LEFT_BRAKE
-1,8.689942,6.402984,4.141127,2.805143,-12.14879,0.275776,-41.20813,21.90563,LEFT_BRAKE
-1,7.70131,6.457055,5.037204,2.900308,-12.47282,0.2757853,-41.25384,22.00126,LEFT_BRAKE
-1,7.224899,6.614327,5.969296,2.977021,-12.80714,0.2757497,-41.25557,22.10544,LEFT_ACCELERATE
-1,7.27988,6.562568,5.80966,2.978881,-12.82793,0.2756895,-41.27432,22.20593,LEFT_ACCELERATE
-1,7.309867,6.497824,5.714,3.001572,-12.67156,0.2756989,-41.31131,22.3012,ACCELERATE
-1,7.226505,6.421638,5.853942,3.076776,-12.37018,0.2757,-41.38681,22.40215,ACCELERATE
-1,7.104704,6.31333,6.059823,3.185047,-11.94463,0.276628,-41.49542,22.50162,ACCELERATE
-1,6.939376,6.166104,6.339177,3.332163,-11.3841,0.281271,-41.63919,22.60546,ACCELERATE
-1,6.747106,5.995259,6.66414,3.502979,-10.73217,0.2786663,-41.8065,22.70445,ACCELERATE
